Workbook
Name 주택특징: t!$BD$2:$BD$9

Sheet 요약
B2: 주택1 | C2: 주택2 | D2: 주택3 | E2: 주택4 | F2: 건축물 | G2: 토지1 | H2: 토지2 | J2: (15% 상승 가정) | K2: =공동보유!B4 -> 3주택
A3: 주소 | B3: =HLOOKUP(B$2,기초!$C$5:$I$16,MATCH($A3,기초!$A$5:$A$16,0),0) -> 서현동 | C3: =HLOOKUP(C$2,기초!$C$5:$I$16,MATCH($A3,기초!$A$5:$A$16,0),0) -> 잠원동 | D3: =HLOOKUP(D$2,기초!$C$5:$I$16,MATCH($A3,기초!$A$5:$A$16,0),0) -> 수유동 | E3: =HLOOKUP(E$2,기초!$C$5:$I$16,MATCH($A3,기초!$A$5:$A$16,0),0) -> 장위동 | F3: =HLOOKUP(F$2,기초!$C$5:$I$16,MATCH($A3,기초!$A$5:$A$16,0),0) -> 0 | G3: =HLOOKUP(G$2,기초!$C$5:$I$16,MATCH($A3,기초!$A$5:$A$16,0),0) -> 0 | H3: =HLOOKUP(H$2,기초!$C$5:$I$16,MATCH($A3,기초!$A$5:$A$16,0),0) -> 0 | J3: *보유세(현행 보유) | K3: 2026년 | L3: 2027년 | M3: 2028년 | N3: 2029년 | O3: 2030년
A4: 감정평가 | B4: =HLOOKUP(B$2,기초!$C$5:$I$16,MATCH($A4,기초!$A$5:$A$16,0),0) -> 4000000000 | C4: =HLOOKUP(C$2,기초!$C$5:$I$16,MATCH($A4,기초!$A$5:$A$16,0),0) -> 1300000000 | D4: =HLOOKUP(D$2,기초!$C$5:$I$16,MATCH($A4,기초!$A$5:$A$16,0),0) -> 2000000000 | E4: =HLOOKUP(E$2,기초!$C$5:$I$16,MATCH($A4,기초!$A$5:$A$16,0),0) -> 2500000000 | F4: =HLOOKUP(F$2,기초!$C$5:$I$16,MATCH($A4,기초!$A$5:$A$16,0),0) -> 0 | G4: =HLOOKUP(G$2,기초!$C$5:$I$16,MATCH($A4,기초!$A$5:$A$16,0),0) -> 0 | H4: =HLOOKUP(H$2,기초!$C$5:$I$16,MATCH($A4,기초!$A$5:$A$16,0),0) -> 0 | J4: 재산세 소계
A5: 취득가액 | B5: =HLOOKUP(B$2,기초!$C$5:$I$16,MATCH($A5,기초!$A$5:$A$16,0),0) -> 1000000000 | C5: =HLOOKUP(C$2,기초!$C$5:$I$16,MATCH($A5,기초!$A$5:$A$16,0),0) -> 700000000 | D5: =HLOOKUP(D$2,기초!$C$5:$I$16,MATCH($A5,기초!$A$5:$A$16,0),0) -> 1500000000 | E5: =HLOOKUP(E$2,기초!$C$5:$I$16,MATCH($A5,기초!$A$5:$A$16,0),0) -> 2000000000 | F5: =HLOOKUP(F$2,기초!$C$5:$I$16,MATCH($A5,기초!$A$5:$A$16,0),0) -> 0 | G5: =HLOOKUP(G$2,기초!$C$5:$I$16,MATCH($A5,기초!$A$5:$A$16,0),0) -> 0 | H5: =HLOOKUP(H$2,기초!$C$5:$I$16,MATCH($A5,기초!$A$5:$A$16,0),0) -> 0 | J5: 종합부동산세 소계
A6: 시가 | J6: 합계 | K6: =SUM(K4:K5) -> 0 | L6: =SUM(L4:L5) -> 0 | M6: =SUM(M4:M5) -> 0 | N6: =SUM(N4:N5) -> 0 | O6: =SUM(O4:O5) -> 0
A8: 양도소득세 | J8: *보유세(2026년 양도/증여 후) | K8: 2026년 | L8: 2027년 | M8: 2028년 | N8: 2029년 | O8: 2030년
A9: 2026년 비과세 | B9: =양도!G25 -> 1.55166e+08 | J9: 재산세 소계
A10: 2027년 비과세 | B10: =양도!M25 -> 1.55166e+08 | J10: 종합부동산세 소계
A11: 2028년 비과세 | B11: =양도!S25 -> 155166000 | J11: 합계 | K11: =SUM(K9:K10) -> 0 | L11: =SUM(L9:L10) -> 0 | M11: =SUM(M9:M10) -> 0 | N11: =SUM(N9:N10) -> 0 | O11: =SUM(O9:O10) -> 0
A12: 일반과세 | B12: =양도!A25 -> 1.55166e+08
A13: 2주택 중과세 | B13: =양도!C25 -> 2070678500 | J13: *보유세(2027년 6/1 이후 양도/증여) | K13: 2026년 | L13: 2027년 | M13: 2028년 | N13: 2029년 | O13: 2030년
A14: 3주택 중과세 | B14: =양도!D25 -> 2400403500 | J14: 재산세 소계
J15: 종합부동산세 소계
A16: 저가양수도 | J16: 합계 | K16: =K6 -> 0 | L16: =L6 -> 0 | M16: =SUM(M14:M15) -> 0 | N16: =SUM(N14:N15) -> 0 | O16: =SUM(O14:O15) -> 0
A17: 2026년 비과세
A18: 2027년 비과세 | J18: *자녀의 보유세 | K18: 2026년 | L18: 2027년 | M18: 2028년 | N18: 2029년 | O18: 2030년
A19: 2028년 비과세 | J19: 재산세 소계
A20: 일반과세 | J20: 종합부동산세 소계
A21: 2주택 중과세 | J21: 합계 | L21: =SUM(L19:L20) -> 0 | M21: =SUM(M19:M20) -> 0 | N21: =SUM(N19:N20) -> 0 | O21: =SUM(O19:O20) -> 0
A22: 3주택 중과세
A23: 필요자금(3억 or 30% 차감금액) | B23: =저가양수도!C20 -> 3401000000
A24: 매매취득세 | B24: =저가양수도!C41 -> 132000000
A25: 저가양수도 합계 | B25: =SUM(B23:B24) -> 3533000000
A27: 순수증여 | B27: =증여!B4 -> 홍상수
A28: 증여세(자녀) | B28: =증여!B22 -> 1515000000
A29: 증여취득세(자녀) | B29: =증여!B26 -> 187860000
A30: 증여 합계 | B30: =SUM(B28:B29) -> 1702860000
A33: 상속재산가액 | B33: =상속!B3 -> 10050000000
A35: 상속세 | B35: =상속!B15 -> 3475000000
A36: 상속취득세 | B36: =상속!B24 -> 256780000
A37: 상속 합계 | B37: =SUM(B35:B36) -> 3731780000

Sheet 기초
A1: 소유자1 | B1: 홍길동 | F1: 확인 후 기입 | G1: 수기기입가능 | H1: 필수선택
A2: 연령 | B2: 55 | F2: 해당없음 | G2: 필수기입 | H2: 개정안 | I2: 개정(미정)
A3: 주택수 | B3: 2 | C3: 2주택
A5: 재산구분 | C5: 주택1 | D5: 주택2 | E5: 주택3 | F5: 주택4 | G5: 건축물 | H5: 토지1 | I5: 토지2 | J5: 금융재산/채무 | K5: 보험 | L5: 근로소득 | M5: 차량 | N5: 회원권 | O5: 기타재산1 | P5: 기타재산2 | Q5: 기타재산3 | R5: 그 외 채무
A6: 주택면적 | C6: 국평 | D6: 국평 | E6: 국평 | F6: 국평
A7: 지역 | C7: 조정대상지역 | D7: 조정대상지역 | E7: 일반지역 | F7: 일반지역
A8: 주소 | C8: 서현동 | D8: 잠원동 | E8: 수유동 | F8: 장위동
A9: 감정평가 | C9: 4000000000 | D9: 1300000000 | E9: 2000000000 | F9: 2500000000 | J9: 900000000
A10: 보충적평가액
A11: 채무액
A12: 시가표준액 | C12: 3500000000 | D12: 1150000000 | E12: 1.725e+09 | F12: 2300000000
A13: 취득가액 | C13: 1000000000 | D13: 700000000 | E13: 1500000000 | F13: 2000000000
A14: 보유기간 | C14: 15 | D14: =2026-2022 -> 4 | E14: 5 | F14: 6
A15: 거주기간 | C15: 10 | D15: 4 | E15: 4 | F15: 3
A16: 보유지분 | C16: 1 | D16: 0.5 | E16: 1 | F16: 1
A17: 상속재산가액 | B17: =SUM(C17:R17) -> 10050000000 | C17: =(MIN(C$9:C$10)-C$11)*C16 -> 4000000000 | D17: =(MIN(D9:D10)-D11)*D16 -> 650000000 | E17: =(MIN(E9:E10)-E11)*E16 -> 2000000000 | F17: =(MIN(F9:F10)-F11)*F16 -> 2500000000 | G17: =(MIN(G9:G10)-G11)*G16 -> 0 | H17: =(MIN(H9:H10)-H11)*H16 -> 0 | I17: =(MIN(I9:I10)-I11)*I16 -> 0 | J17: =(MIN(J9:J10)-J11) -> 900000000 | K17: =(MIN(K9:K10)-K11) -> 0 | L17: =(MIN(L9:L10)-L11) -> 0 | M17: =(MIN(M9:M10)-M11) -> 0 | N17: =(MIN(N9:N10)-N11) -> 0 | O17: =(MIN(O9:O10)-O11) -> 0 | P17: =(MIN(P9:P10)-P11) -> 0 | Q17: =(MIN(Q9:Q10)-Q11) -> 0 | R17: =(MIN(R9:R10)-R11) -> 0
A21: 대상1 | B21: 성춘향
A22: 관계 | B22: 배우자
A23: 연령 | B23: =2026-1987 -> 39
A24: 주택수 | B24: 1 | C24: 주택
A25: 상속지분 | B25: =IF(B22="배우자",1.5,IF(B22="직계존비속",1,0)) -> 1.5
A26: 상증공제 | C26: =C$5 -> 주택1 | D26: =D$5 -> 주택2 | E26: =E$5 -> 주택3 | F26: =F$5 -> 주택4 | G26: =G$5 -> 건축물 | H26: =H$5 -> 토지1 | I26: =I$5 -> 토지2 | S26: 사전증여재산 | T26: 기증여산출세액 | U26: 증여시점
A27: 취득가액 | D27: 300000000
A28: 보유기간 | D28: 3
A29: 거주기간 | D29: 2
A30: 보유지분 | D30: 0.5
A31: 소계 | B31: =SUM(C31:R31) -> 650000000 | C31: =(MIN(C$9:C$10)-C$11)*C30 -> 0 | D31: =(MIN(D$9:D$10)-D$11)*D30 -> 650000000 | E31: =(MIN(E$9:E$10)-E$11)*E30 -> 0 | F31: =(MIN(F$9:F$10)-F$11)*F30 -> 0 | G31: =(MIN(G$9:G$10)-G$11)*G30 -> 0 | H31: =(MIN(H$9:H$10)-H$11)*H30 -> 0 | I31: =(MIN(I$9:I$10)-I$11)*I30 -> 0 | S31: 600000000 | T31: 0 | U31: 45658
A34: 대상2 | B34: 홍상수
A35: 관계 | B35: 직계존비속 | C35: 자녀
A36: 연령 | B36: 15
A37: 주택수 | B37: 0 | C37: 1세대1주택
A38: 상속지분 | B38: =IF(B35="배우자",1.5,IF(B35="직계존비속",1,0)) -> 1
A39: 상증공제 | B39: 동거 | C39: =C$5 -> 주택1 | D39: =D$5 -> 주택2 | E39: =E$5 -> 주택3 | F39: =F$5 -> 주택4 | G39: =G$5 -> 건축물 | H39: =H$5 -> 토지1 | I39: =I$5 -> 토지2 | S39: 사전증여재산 | T39: 기증여산출세액 | U39: 증여시점
A40: 취득가액
A41: 보유기간
A42: 거주기간
A43: 보유지분
A44: 소계 | B44: =SUM(C44:R44) -> 0 | C44: =(MIN(C$9:C$10)-C$11)*C43 -> 0 | D44: =(MIN(D$9:D$10)-D$11)*D43 -> 0 | E44: =(MIN(E$9:E$10)-E$11)*E43 -> 0 | F44: =(MIN(F$9:F$10)-F$11)*F43 -> 0 | G44: =(MIN(G$9:G$10)-G$11)*G43 -> 0 | H44: =(MIN(H$9:H$10)-H$11)*H43 -> 0 | I44: =(MIN(I$9:I$10)-I$11)*I43 -> 0 | S44: 600000000 | T44: 0 | U44: 45658
A47: 대상3 | B47: (이름)
A48: 관계 | B48: 직계존비속 | C48: 자녀
A49: 연령
A50: 주택수 | B50: 0 | C50: 1세대1주택
A51: 상속지분 | B51: =IF(B48="배우자",1.5,IF(B48="직계존비속",1,0)) -> 1
A52: 상증공제 | B52: 동거 | C52: =C$5 -> 주택1 | D52: =D$5 -> 주택2 | E52: =E$5 -> 주택3 | F52: =F$5 -> 주택4 | G52: =G$5 -> 건축물 | H52: =H$5 -> 토지1 | I52: =I$5 -> 토지2 | S52: 사전증여재산 | T52: 기증여산출세액 | U52: 증여시점
A53: 취득가액
A54: 보유기간
A55: 거주기간
A56: 보유지분
A57: 소계 | B57: =SUM(C57:R57) -> 0 | C57: =(MIN(C$9:C$10)-C$11)*C56 -> 0 | D57: =(MIN(D$9:D$10)-D$11)*D56 -> 0 | E57: =(MIN(E$9:E$10)-E$11)*E56 -> 0 | F57: =(MIN(F$9:F$10)-F$11)*F56 -> 0 | G57: =(MIN(G$9:G$10)-G$11)*G56 -> 0 | H57: =(MIN(H$9:H$10)-H$11)*H56 -> 0 | I57: =(MIN(I$9:I$10)-I$11)*I56 -> 0 | S57: 600000000 | T57: 0 | U57: 45658
A60: 대상4 | B60: (이름)
A61: 관계 | B61: 직계존비속 | C61: 자녀
A62: 연령
A63: 주택수 | B63: 0 | C63: 1세대1주택
A64: 상속지분 | B64: =IF(B61="배우자",1.5,IF(B61="직계존비속",1,0)) -> 1
A65: 상증공제 | B65: 동거 | C65: =C$5 -> 주택1 | D65: =D$5 -> 주택2 | E65: =E$5 -> 주택3 | F65: =F$5 -> 주택4 | G65: =G$5 -> 건축물 | H65: =H$5 -> 토지1 | I65: =I$5 -> 토지2 | S65: 사전증여재산 | T65: 기증여산출세액 | U65: 증여시점
A66: 취득가액
A67: 보유기간
A68: 거주기간
A69: 보유지분
A70: 소계 | B70: =SUM(C70:R70) -> 0 | C70: =(MIN(C$9:C$10)-C$11)*C69 -> 0 | D70: =(MIN(D$9:D$10)-D$11)*D69 -> 0 | E70: =(MIN(E$9:E$10)-E$11)*E69 -> 0 | F70: =(MIN(F$9:F$10)-F$11)*F69 -> 0 | G70: =(MIN(G$9:G$10)-G$11)*G69 -> 0 | H70: =(MIN(H$9:H$10)-H$11)*H69 -> 0 | I70: =(MIN(I$9:I$10)-I$11)*I69 -> 0 | S70: 600000000 | T70: 0 | U70: 45658
A73: 대상5 | B73: (이름)
A74: 관계 | B74: 직계존비속 | C74: 자녀
A75: 연령
A76: 주택수 | B76: 0 | C76: 1세대1주택
A77: 상속지분 | B77: =IF(B74="배우자",1.5,IF(B74="직계존비속",1,0)) -> 1
A78: 상증공제 | B78: 동거 | C78: =C$5 -> 주택1 | D78: =D$5 -> 주택2 | E78: =E$5 -> 주택3 | F78: =F$5 -> 주택4 | G78: =G$5 -> 건축물 | H78: =H$5 -> 토지1 | I78: =I$5 -> 토지2 | S78: 사전증여재산 | T78: 기증여산출세액 | U78: 증여시점
A79: 취득가액
A80: 보유기간
A81: 거주기간
A82: 보유지분
A83: 소계 | B83: =SUM(C83:R83) -> 0 | C83: =(MIN(C$9:C$10)-C$11)*C82 -> 0 | D83: =(MIN(D$9:D$10)-D$11)*D82 -> 0 | E83: =(MIN(E$9:E$10)-E$11)*E82 -> 0 | F83: =(MIN(F$9:F$10)-F$11)*F82 -> 0 | G83: =(MIN(G$9:G$10)-G$11)*G82 -> 0 | H83: =(MIN(H$9:H$10)-H$11)*H82 -> 0 | I83: =(MIN(I$9:I$10)-I$11)*I82 -> 0 | S83: 600000000 | T83: 0 | U83: 45658

Sheet 공동보유
B1: 소유자1 | C1: 소유자2 | I1: *공동명의 상태에서 새 기본공제 산식의 ‘거주주택가액’을 지분상당액으로 볼지에 관한 별도 예규·시행규칙은 아직 나오지 않은 입법예고 단계
A2: 소유자 | B2: =기초!$B$1 -> 홍길동 | C2: 성춘향 | I2: *조정대상지역 보유자(1세대1주택 아님)와 3주택 이상 세율 적용자는 2027년에 특히 구분할 것
A3: 주택수 | B3: 4 | C3: =INDIRECT("기초!b"&(MATCH(C$2,기초!$B:$B,0)+3)) -> 1 | E3: 2026 | F3: 소유자1 | G3: 소유자2 | M3: =E3+1 -> 2027 | N3: 소유자1 | O3: 소유자2 | U3: =M3+1 -> 2028 | V3: 소유자1 | W3: 소유자2 | AC3: =U3+1 -> 2029 | AD3: 소유자1 | AE3: 소유자2 | AK3: =AC3+1 -> 2030 | AL3: 소유자1 | AM3: 소유자2
A4: 개정세법 분류 | B4: =IF(AND(B5="1세대1주택",LEFT(B6,2)="주택"),"거주용1주택",IF(AND(B5="1세대1주택",B6="비거주"),"비거주1주택",IF(AND(B3<=2,B7<>"조정대상지역"),"비거주1주택","3주택"))) -> 3주택 | C4: =IF(AND(C5="1세대1주택",LEFT(C6,2)="주택"),"거주용1주택",IF(AND(C5="1세대1주택",C6="비거주"),"비거주1주택",IF(AND(C3<=2,C7<>"조정대상지역"),"비거주1주택","3주택"))) -> 3주택 | E4: 재산세납부액 | F4: =SUMPRODUCT(B20:G20,B35:G35) -> 23505600 | G4: =SUMPRODUCT(B20:G20,B68:G68) -> 1216950 | M4: 재산세납부액 | N4: =SUMPRODUCT(J20:O20,J35:O35) -> 29218590 | O4: =SUMPRODUCT(J20:O20,J68:O68) -> 1883992.5 | U4: 재산세납부액 | V4: =SUMPRODUCT(R20:W20,R35:W35) -> 32005800 | W4: =SUMPRODUCT(R20:W20,R68:W68) -> 2081850 | AC4: 재산세납부액 | AD4: =SUMPRODUCT(Z20:AE20,Z35:AE35) -> 33998278 | AE4: =SUMPRODUCT(Z20:AE20,Z68:AE68) -> 2223291.4 | AK4: 재산세납부액 | AL4: =SUMPRODUCT(AH20:AM20,AH35:AM35) -> 38999260 | AM4: =SUMPRODUCT(AH20:AM20,AH68:AM68) -> 2479115.8
A5: 1세대1주택 여부 | B5: 해당없음 | C5: =INDIRECT("기초!c"&(MATCH(C$2,기초!$B:$B,0)+3)) -> 주택 | E5: 종부세납부액 | F5: =B61 -> 98538727 | G5: =B94 -> 0 | M5: 종부세납부액 | N5: =HLOOKUP($B$4,$J$46:$L$61,16,0) -> 1.7235048e+08 | O5: =HLOOKUP($C$4,$J$79:$L$94,16,0) -> 437724 | U5: 종부세납부액 | V5: =HLOOKUP($B$4,$R$46:$T$61,16,0) -> 2.1033027e+08 | W5: =HLOOKUP($C$4,$R$79:$T$94,16,0) -> 453955.86 | AC5: 종부세납부액 | AD5: =HLOOKUP($B$4,$Z$46:$AB$61,16,0) -> 2.6269135e+08 | AE5: =HLOOKUP($C$4,$Z$79:$AB$94,16,0) -> 782766.99 | AK5: 종부세납부액 | AL5: =HLOOKUP($B$4,$AH$46:$AJ$61,16,0) -> 2.859224e+08 | AM5: =HLOOKUP($C$4,$AH$79:$AJ$94,16,0) -> 698480.9
A6: 거주주택 | B6: 주택1 | C6: 주택1 | E6: 소계 | F6: =F4+F5 -> 1.2204433e+08 | G6: =G4+G5 -> 1216950 | M6: 보유세 합계 | N6: =N4+N5 -> 2.0156907e+08 | O6: =O4+O5 -> 2321716.5 | U6: 보유세 합계 | V6: =V4+V5 -> 2.4233607e+08 | W6: =W4+W5 -> 2535805.9 | AC6: 보유세 합계 | AD6: =AD4+AD5 -> 2.9668963e+08 | AE6: =AE4+AE5 -> 3006058.4 | AK6: 보유세 합계 | AL6: =AL4+AL5 -> 3.2492166e+08 | AM6: =AM4+AM5 -> 3177596.7
A7: 지역 | B7: =HLOOKUP(B$6,기초!$C$5:$I$16,MATCH($A7,기초!$A$5:$A$16,0),0) -> 조정대상지역 | C7: =HLOOKUP(C$6,기초!$C$5:$I$16,MATCH($A7,기초!$A$5:$A$16,0),0) -> 조정대상지역
I8: 예상증가율(%) | J8: 0.15 | K8: 0.15 | L8: 0.15 | M8: 0.15 | O8: 0 | Q8: 예상증가율(%) | R8: 0 | S8: 0 | T8: 0 | U8: 0 | W8: 0 | Y8: 예상증가율(%) | Z8: 0.15 | AA8: 0.15 | AB8: 0.15 | AC8: 0.15 | AE8: 0.15 | AG8: 예상증가율(%) | AH8: 0.1 | AI8: 0.01 | AJ8: 0.03 | AK8: 0.05 | AM8: 0.15
A9: 2026 | B9: 주택1 | C9: 주택2 | D9: 주택3 | E9: 주택4 | F9: 주택소계 | G9: 건축물 | I9: =A9+1 -> 2027 | J9: 주택1 | K9: 주택2 | L9: 주택3 | M9: 주택4 | N9: 주택소계 | O9: 건축물 | Q9: =I9+1 -> 2028 | R9: 주택1 | S9: 주택2 | T9: 주택3 | U9: 주택4 | V9: 주택소계 | W9: 건축물 | Y9: =Q9+1 -> 2029 | Z9: 주택1 | AA9: 주택2 | AB9: 주택3 | AC9: 주택4 | AD9: 주택소계 | AE9: 건축물 | AG9: =Y9+1 -> 2030 | AH9: 주택1 | AI9: 주택2 | AJ9: 주택3 | AK9: 주택4 | AL9: 주택소계 | AM9: 건축물
B10: =IF(OR($B$5="1세대1주택"),"1세대1주택","주택") -> 주택 | C10: =IF(OR($B$5="1세대1주택"),"1세대1주택","주택") -> 주택 | D10: =IF(OR($B$5="1세대1주택"),"1세대1주택","주택") -> 주택 | E10: =IF(OR($B$5="1세대1주택"),"1세대1주택","주택") -> 주택 | F10: 주택 | G10: 건물 | J10: =B$10 -> 주택 | K10: =C$10 -> 주택 | L10: =D$10 -> 주택 | M10: =E$10 -> 주택 | N10: 주택 | O10: 건물 | R10: =J$10 -> 주택 | S10: =K$10 -> 주택 | T10: =L$10 -> 주택 | U10: =M$10 -> 주택 | V10: 주택 | W10: 건물 | Z10: =R$10 -> 주택 | AA10: =S$10 -> 주택 | AB10: =T$10 -> 주택 | AC10: =U$10 -> 주택 | AD10: 주택 | AE10: 건물 | AH10: =Z$10 -> 주택 | AI10: =AA$10 -> 주택 | AJ10: =AB$10 -> 주택 | AK10: =AC$10 -> 주택 | AL10: 주택 | AM10: 건물
A11: 시가표준액 | B11: =HLOOKUP(B$9,기초!$C$5:$I$16,MATCH($A11,기초!$A$5:$A$16,0),0) -> 3500000000 | C11: =HLOOKUP(C$9,기초!$C$5:$I$16,MATCH($A11,기초!$A$5:$A$16,0),0) -> 1150000000 | D11: =HLOOKUP(D$9,기초!$C$5:$I$16,MATCH($A11,기초!$A$5:$A$16,0),0) -> 1.725e+09 | E11: =HLOOKUP(E$9,기초!$C$5:$I$16,MATCH($A11,기초!$A$5:$A$16,0),0) -> 2300000000 | F11: =SUM(B11:E11) -> 8675000000 | G11: =HLOOKUP(G$9,[1]기초!$C$5:$I$16,MATCH($A11,[1]기초!$A$5:$A$16,0),0) -> 0 | I11: 시가표준액(예상) | J11: =B11*(1+J8) -> 4.025e+09 | K11: =C11*(1+K8) -> 1322500000 | L11: =D11*(1+L8) -> 1.98375e+09 | M11: =E11*(1+M8) -> 2645000000 | N11: =SUM(J11:M11) -> 9976250000 | O11: =G11*(1+O8) -> 0 | Q11: 시가표준액(예상) | R11: =J11*(1+R8) -> 4.025e+09 | S11: =K11*(1+S8) -> 1322500000 | T11: =L11*(1+T8) -> 1.98375e+09 | U11: =M11*(1+U8) -> 2645000000 | V11: =SUM(R11:U11) -> 9976250000 | W11: =O11*(1+W8) -> 0 | Y11: 시가표준액(예상) | Z11: =R11*(1+Z8) -> 4.62875e+09 | AA11: =S11*(1+AA8) -> 1520875000 | AB11: =T11*(1+AB8) -> 2.2813125e+09 | AC11: =U11*(1+AC8) -> 3041750000 | AD11: =SUM(Z11:AC11) -> 1.1472687e+10 | AE11: =W11*(1+AE8) -> 0 | AG11: 시가표준액(예상) | AH11: =Z11*(1+AH8) -> 5.091625e+09 | AI11: =AA11*(1+AI8) -> 1536083750 | AJ11: =AB11*(1+AJ8) -> 2.3497519e+09 | AK11: =AC11*(1+AK8) -> 3193837500 | AL11: =SUM(AH11:AK11) -> 1.2171298e+10 | AM11: =AE11*(1+AM8) -> 0
A12: 공정시장가액비율 | B12: =IF(B$10="1세대1주택", IF(B11<=3*10^8,43%, IF(B11<=6*10^8,44%, 45%)), VLOOKUP(B$10,t!$H$3:$I$9,2,0)) -> 0.6 | C12: =IF(C$10="1세대1주택", IF(C11<=3*10^8,43%, IF(C11<=6*10^8,44%, 45%)), VLOOKUP(C$10,t!$H$3:$I$9,2,0)) -> 0.6 | D12: =IF(D$10="1세대1주택", IF(D11<=3*10^8,43%, IF(D11<=6*10^8,44%, 45%)), VLOOKUP(D$10,t!$H$3:$I$9,2,0)) -> 0.6 | E12: =IF(E$10="1세대1주택", IF(E11<=3*10^8,43%, IF(E11<=6*10^8,44%, 45%)), VLOOKUP(E$10,t!$H$3:$I$9,2,0)) -> 0.6 | F12: =IF(B10="1세대1주택",B12,60%) -> 0.6 | G12: =IF(G10="1세대1주택", IF(G11<=3*10^8,43%, IF(G11<=6*10^8,44%, 45%)), VLOOKUP(G10,t!$H$3:$I$9,2,0)) -> 0.7 | I12: 공정시장가액비율 | J12: =IF(J$10="1세대1주택", IF(J11<=3*10^8,43%, IF(J11<=6*10^8,44%, 45%)), VLOOKUP(J$10,t!$H$3:$I$9,2,0)) -> 0.6 | K12: =IF(K$10="1세대1주택", IF(K11<=3*10^8,43%, IF(K11<=6*10^8,44%, 45%)), VLOOKUP(K$10,t!$H$3:$I$9,2,0)) -> 0.6 | L12: =IF(L$10="1세대1주택", IF(L11<=3*10^8,43%, IF(L11<=6*10^8,44%, 45%)), VLOOKUP(L$10,t!$H$3:$I$9,2,0)) -> 0.6 | M12: =IF(M$10="1세대1주택", IF(M11<=3*10^8,43%, IF(M11<=6*10^8,44%, 45%)), VLOOKUP(M$10,t!$H$3:$I$9,2,0)) -> 0.6 | N12: =IF(J10="1세대1주택",J12,60%) -> 0.6 | O12: =IF(O10="1세대1주택", IF(O11<=3*10^8,43%, IF(O11<=6*10^8,44%, 45%)), VLOOKUP(O10,t!$H$3:$I$9,2,0)) -> 0.7 | Q12: 공정시장가액비율 | R12: =IF(R$10="1세대1주택", IF(R11<=3*10^8,43%, IF(R11<=6*10^8,44%, 45%)), VLOOKUP(R$10,t!$H$3:$I$9,2,0)) -> 0.6 | S12: =IF(S$10="1세대1주택", IF(S11<=3*10^8,43%, IF(S11<=6*10^8,44%, 45%)), VLOOKUP(S$10,t!$H$3:$I$9,2,0)) -> 0.6 | T12: =IF(T$10="1세대1주택", IF(T11<=3*10^8,43%, IF(T11<=6*10^8,44%, 45%)), VLOOKUP(T$10,t!$H$3:$I$9,2,0)) -> 0.6 | U12: =IF(U$10="1세대1주택", IF(U11<=3*10^8,43%, IF(U11<=6*10^8,44%, 45%)), VLOOKUP(U$10,t!$H$3:$I$9,2,0)) -> 0.6 | V12: =IF(R10="1세대1주택",R12,60%) -> 0.6 | W12: =IF(W10="1세대1주택", IF(W11<=3*10^8,43%, IF(W11<=6*10^8,44%, 45%)), VLOOKUP(W10,t!$H$3:$I$9,2,0)) -> 0.7 | Y12: 공정시장가액비율 | Z12: =IF(Z$10="1세대1주택", IF(Z11<=3*10^8,43%, IF(Z11<=6*10^8,44%, 45%)), VLOOKUP(Z$10,t!$H$3:$I$9,2,0)) -> 0.6 | AA12: =IF(AA$10="1세대1주택", IF(AA11<=3*10^8,43%, IF(AA11<=6*10^8,44%, 45%)), VLOOKUP(AA$10,t!$H$3:$I$9,2,0)) -> 0.6 | AB12: =IF(AB$10="1세대1주택", IF(AB11<=3*10^8,43%, IF(AB11<=6*10^8,44%, 45%)), VLOOKUP(AB$10,t!$H$3:$I$9,2,0)) -> 0.6 | AC12: =IF(AC$10="1세대1주택", IF(AC11<=3*10^8,43%, IF(AC11<=6*10^8,44%, 45%)), VLOOKUP(AC$10,t!$H$3:$I$9,2,0)) -> 0.6 | AD12: =IF(Z10="1세대1주택",Z12,60%) -> 0.6 | AE12: =IF(AE10="1세대1주택", IF(AE11<=3*10^8,43%, IF(AE11<=6*10^8,44%, 45%)), VLOOKUP(AE10,t!$H$3:$I$9,2,0)) -> 0.7 | AG12: 공정시장가액비율 | AH12: =IF(AH$10="1세대1주택", IF(AH11<=3*10^8,43%, IF(AH11<=6*10^8,44%, 45%)), VLOOKUP(AH$10,t!$H$3:$I$9,2,0)) -> 0.6 | AI12: =IF(AI$10="1세대1주택", IF(AI11<=3*10^8,43%, IF(AI11<=6*10^8,44%, 45%)), VLOOKUP(AI$10,t!$H$3:$I$9,2,0)) -> 0.6 | AJ12: =IF(AJ$10="1세대1주택", IF(AJ11<=3*10^8,43%, IF(AJ11<=6*10^8,44%, 45%)), VLOOKUP(AJ$10,t!$H$3:$I$9,2,0)) -> 0.6 | AK12: =IF(AK$10="1세대1주택", IF(AK11<=3*10^8,43%, IF(AK11<=6*10^8,44%, 45%)), VLOOKUP(AK$10,t!$H$3:$I$9,2,0)) -> 0.6 | AL12: =IF(AH10="1세대1주택",AH12,60%) -> 0.6 | AM12: =IF(AM10="1세대1주택", IF(AM11<=3*10^8,43%, IF(AM11<=6*10^8,44%, 45%)), VLOOKUP(AM10,t!$H$3:$I$9,2,0)) -> 0.7
A13: 과세표준(주택상한) | B13: =IF(RIGHT(B10,2)="주택",MIN(B11*B12,B23*B12+B11*B12*5%),B11*B12) -> 2100000000 | C13: =IF(RIGHT(C10,2)="주택",MIN(C11*C12,C23*C12+C11*C12*5%),C11*C12) -> 514500000 | D13: =IF(RIGHT(D10,2)="주택",MIN(D11*D12,D23*D12+D11*D12*5%),D11*D12) -> 771750000 | E13: =IF(RIGHT(E10,2)="주택",MIN(E11*E12,E23*E12+E11*E12*5%),E11*E12) -> 1089000000 | F13: =F11*F12 -> 5205000000 | G13: =IF(RIGHT(G10,2)="주택",MIN(G11*G12,G24*G12+G11*G12*5%),G11*G12) -> 0 | I13: 재산세 과세표준 | J13: =IF(RIGHT(J10,2)="주택",MIN(J11*J12,J23*J12+J11*J12*5%),J11*J12) -> 2220750000 | K13: =IF(RIGHT(K10,2)="주택",MIN(K11*K12,K23*K12+K11*K12*5%),K11*K12) -> 729675000 | L13: =IF(RIGHT(L10,2)="주택",MIN(L11*L12,L23*L12+L11*L12*5%),L11*L12) -> 1.0945125e+09 | M13: =IF(RIGHT(M10,2)="주택",MIN(M11*M12,M23*M12+M11*M12*5%),M11*M12) -> 1459350000 | N13: =N11*N12 -> 5985750000 | O13: =IF(RIGHT(O10,2)="주택",MIN(O11*O12,O23*O12+O11*O12*5%),O11*O12) -> 0 | Q13: 재산세 과세표준 | R13: =IF(RIGHT(R10,2)="주택",MIN(R11*R12,R23*R12+R11*R12*5%),R11*R12) -> 2.415e+09 | S13: =IF(RIGHT(S10,2)="주택",MIN(S11*S12,S23*S12+S11*S12*5%),S11*S12) -> 793500000 | T13: =IF(RIGHT(T10,2)="주택",MIN(T11*T12,T23*T12+T11*T12*5%),T11*T12) -> 1.19025e+09 | U13: =IF(RIGHT(U10,2)="주택",MIN(U11*U12,U23*U12+U11*U12*5%),U11*U12) -> 1587000000 | V13: =V11*V12 -> 5985750000 | W13: =IF(RIGHT(W10,2)="주택",MIN(W11*W12,W23*W12+W11*W12*5%),W11*W12) -> 0 | Y13: 재산세 과세표준 | Z13: =IF(RIGHT(Z10,2)="주택",MIN(Z11*Z12,Z23*Z12+Z11*Z12*5%),Z11*Z12) -> 2.5538625e+09 | AA13: =IF(RIGHT(AA10,2)="주택",MIN(AA11*AA12,AA23*AA12+AA11*AA12*5%),AA11*AA12) -> 839126250 | AB13: =IF(RIGHT(AB10,2)="주택",MIN(AB11*AB12,AB23*AB12+AB11*AB12*5%),AB11*AB12) -> 1.2586894e+09 | AC13: =IF(RIGHT(AC10,2)="주택",MIN(AC11*AC12,AC23*AC12+AC11*AC12*5%),AC11*AC12) -> 1678252500 | AD13: =AD11*AD12 -> 6.8836125e+09 | AE13: =IF(RIGHT(AE10,2)="주택",MIN(AE11*AE12,AE23*AE12+AE11*AE12*5%),AE11*AE12) -> 0 | AG13: 재산세 과세표준 | AH13: =IF(RIGHT(AH10,2)="주택",MIN(AH11*AH12,AH23*AH12+AH11*AH12*5%),AH11*AH12) -> 2.9299987e+09 | AI13: =IF(RIGHT(AI10,2)="주택",MIN(AI11*AI12,AI23*AI12+AI11*AI12*5%),AI11*AI12) -> 921650250 | AJ13: =IF(RIGHT(AJ10,2)="주택",MIN(AJ11*AJ12,AJ23*AJ12+AJ11*AJ12*5%),AJ11*AJ12) -> 1.4098511e+09 | AK13: =IF(RIGHT(AK10,2)="주택",MIN(AK11*AK12,AK23*AK12+AK11*AK12*5%),AK11*AK12) -> 1916302500 | AL13: =AL11*AL12 -> 7.3027789e+09 | AM13: =IF(RIGHT(AM10,2)="주택",MIN(AM11*AM12,AM23*AM12+AM11*AM12*5%),AM11*AM12) -> 0
A14: t | B14: {=IF(AND(B10="1세대1주택",B11<=9*10^8),INDEX(t!$D$3:$D$6,MATCH(TRUE,B13<=t!$A$3:$A$6,0)),INDEX(t!$B$3:$B$6,MATCH(TRUE,B13<=t!$A$3:$A$6,0)))} -> 0.004 | C14: {=IF(AND(C10="1세대1주택",C11<=9*10^8),INDEX(t!$D$3:$D$6,MATCH(TRUE,C13<=t!$A$3:$A$6,0)),INDEX(t!$B$3:$B$6,MATCH(TRUE,C13<=t!$A$3:$A$6,0)))} -> 0.004 | D14: {=IF(AND(D10="1세대1주택",D11<=9*10^8),INDEX(t!$D$3:$D$6,MATCH(TRUE,D13<=t!$A$3:$A$6,0)),INDEX(t!$B$3:$B$6,MATCH(TRUE,D13<=t!$A$3:$A$6,0)))} -> 0.004 | E14: {=IF(AND(E10="1세대1주택",E11<=9*10^8),INDEX(t!$D$3:$D$6,MATCH(TRUE,E13<=t!$A$3:$A$6,0)),INDEX(t!$B$3:$B$6,MATCH(TRUE,E13<=t!$A$3:$A$6,0)))} -> 0.004 | F14: {=INDEX(t!$B$3:$B$6,MATCH(TRUE,F13<=t!$A$3:$A$6,0))} -> 0.004 | G14: 0.0025 | I14: t | J14: {=IF(AND(J10="1세대1주택",J11<=9*10^8),INDEX(t!$D$3:$D$6,MATCH(TRUE,J13<=t!$A$3:$A$6,0)),INDEX(t!$B$3:$B$6,MATCH(TRUE,J13<=t!$A$3:$A$6,0)))} -> 0.004 | K14: {=IF(AND(K10="1세대1주택",K11<=9*10^8),INDEX(t!$D$3:$D$6,MATCH(TRUE,K13<=t!$A$3:$A$6,0)),INDEX(t!$B$3:$B$6,MATCH(TRUE,K13<=t!$A$3:$A$6,0)))} -> 0.004 | L14: {=IF(AND(L10="1세대1주택",L11<=9*10^8),INDEX(t!$D$3:$D$6,MATCH(TRUE,L13<=t!$A$3:$A$6,0)),INDEX(t!$B$3:$B$6,MATCH(TRUE,L13<=t!$A$3:$A$6,0)))} -> 0.004 | M14: {=IF(AND(M10="1세대1주택",M11<=9*10^8),INDEX(t!$D$3:$D$6,MATCH(TRUE,M13<=t!$A$3:$A$6,0)),INDEX(t!$B$3:$B$6,MATCH(TRUE,M13<=t!$A$3:$A$6,0)))} -> 0.004 | N14: {=INDEX(t!$B$3:$B$6,MATCH(TRUE,N13<=t!$A$3:$A$6,0))} -> 0.004 | O14: 0.0025 | Q14: t | R14: {=IF(AND(R10="1세대1주택",R11<=9*10^8),INDEX(t!$D$3:$D$6,MATCH(TRUE,R13<=t!$A$3:$A$6,0)),INDEX(t!$B$3:$B$6,MATCH(TRUE,R13<=t!$A$3:$A$6,0)))} -> 0.004 | S14: {=IF(AND(S10="1세대1주택",S11<=9*10^8),INDEX(t!$D$3:$D$6,MATCH(TRUE,S13<=t!$A$3:$A$6,0)),INDEX(t!$B$3:$B$6,MATCH(TRUE,S13<=t!$A$3:$A$6,0)))} -> 0.004 | T14: {=IF(AND(T10="1세대1주택",T11<=9*10^8),INDEX(t!$D$3:$D$6,MATCH(TRUE,T13<=t!$A$3:$A$6,0)),INDEX(t!$B$3:$B$6,MATCH(TRUE,T13<=t!$A$3:$A$6,0)))} -> 0.004 | U14: {=IF(AND(U10="1세대1주택",U11<=9*10^8),INDEX(t!$D$3:$D$6,MATCH(TRUE,U13<=t!$A$3:$A$6,0)),INDEX(t!$B$3:$B$6,MATCH(TRUE,U13<=t!$A$3:$A$6,0)))} -> 0.004 | V14: {=INDEX(t!$B$3:$B$6,MATCH(TRUE,V13<=t!$A$3:$A$6,0))} -> 0.004 | W14: 0.0025 | Y14: t | Z14: {=IF(AND(Z10="1세대1주택",Z11<=9*10^8),INDEX(t!$D$3:$D$6,MATCH(TRUE,Z13<=t!$A$3:$A$6,0)),INDEX(t!$B$3:$B$6,MATCH(TRUE,Z13<=t!$A$3:$A$6,0)))} -> 0.004 | AA14: {=IF(AND(AA10="1세대1주택",AA11<=9*10^8),INDEX(t!$D$3:$D$6,MATCH(TRUE,AA13<=t!$A$3:$A$6,0)),INDEX(t!$B$3:$B$6,MATCH(TRUE,AA13<=t!$A$3:$A$6,0)))} -> 0.004 | AB14: {=IF(AND(AB10="1세대1주택",AB11<=9*10^8),INDEX(t!$D$3:$D$6,MATCH(TRUE,AB13<=t!$A$3:$A$6,0)),INDEX(t!$B$3:$B$6,MATCH(TRUE,AB13<=t!$A$3:$A$6,0)))} -> 0.004 | AC14: {=IF(AND(AC10="1세대1주택",AC11<=9*10^8),INDEX(t!$D$3:$D$6,MATCH(TRUE,AC13<=t!$A$3:$A$6,0)),INDEX(t!$B$3:$B$6,MATCH(TRUE,AC13<=t!$A$3:$A$6,0)))} -> 0.004 | AD14: {=INDEX(t!$B$3:$B$6,MATCH(TRUE,AD13<=t!$A$3:$A$6,0))} -> 0.004 | AE14: 0.0025 | AG14: t | AH14: {=IF(AND(AH10="1세대1주택",AH11<=9*10^8),INDEX(t!$D$3:$D$6,MATCH(TRUE,AH13<=t!$A$3:$A$6,0)),INDEX(t!$B$3:$B$6,MATCH(TRUE,AH13<=t!$A$3:$A$6,0)))} -> 0.004 | AI14: {=IF(AND(AI10="1세대1주택",AI11<=9*10^8),INDEX(t!$D$3:$D$6,MATCH(TRUE,AI13<=t!$A$3:$A$6,0)),INDEX(t!$B$3:$B$6,MATCH(TRUE,AI13<=t!$A$3:$A$6,0)))} -> 0.004 | AJ14: {=IF(AND(AJ10="1세대1주택",AJ11<=9*10^8),INDEX(t!$D$3:$D$6,MATCH(TRUE,AJ13<=t!$A$3:$A$6,0)),INDEX(t!$B$3:$B$6,MATCH(TRUE,AJ13<=t!$A$3:$A$6,0)))} -> 0.004 | AK14: {=IF(AND(AK10="1세대1주택",AK11<=9*10^8),INDEX(t!$D$3:$D$6,MATCH(TRUE,AK13<=t!$A$3:$A$6,0)),INDEX(t!$B$3:$B$6,MATCH(TRUE,AK13<=t!$A$3:$A$6,0)))} -> 0.004 | AL14: {=INDEX(t!$B$3:$B$6,MATCH(TRUE,AL13<=t!$A$3:$A$6,0))} -> 0.004 | AM14: 0.0025
A15: 산출세액 | B15: =B13*B14-VLOOKUP(B14,IF(AND(B10="1세대1주택",B11<=9*10^8),t!$D$2:$E$6,t!$B$2:$C$6),2,0) -> 7770000 | C15: =C13*C14-VLOOKUP(C14,IF(AND(C10="1세대1주택",C11<=9*10^8),t!$D$2:$E$6,t!$B$2:$C$6),2,0) -> 1428000 | D15: =D13*D14-VLOOKUP(D14,IF(AND(D10="1세대1주택",D11<=9*10^8),t!$D$2:$E$6,t!$B$2:$C$6),2,0) -> 2457000 | E15: =E13*E14-VLOOKUP(E14,IF(AND(E10="1세대1주택",E11<=9*10^8),t!$D$2:$E$6,t!$B$2:$C$6),2,0) -> 3726000 | F15: =F13*F14-VLOOKUP(F14,t!$B$2:$C$6,2,0) -> 20190000 | G15: =G13*0.25% -> 0 | I15: 산출세액 | J15: =J13*J14-VLOOKUP(J14,IF(AND(J10="1세대1주택",J11<=9*10^8),t!$D$2:$E$6,t!$B$2:$C$6),2,0) -> 8253000 | K15: =K13*K14-VLOOKUP(K14,IF(AND(K10="1세대1주택",K11<=9*10^8),t!$D$2:$E$6,t!$B$2:$C$6),2,0) -> 2288700 | L15: =L13*L14-VLOOKUP(L14,IF(AND(L10="1세대1주택",L11<=9*10^8),t!$D$2:$E$6,t!$B$2:$C$6),2,0) -> 3748050 | M15: =M13*M14-VLOOKUP(M14,IF(AND(M10="1세대1주택",M11<=9*10^8),t!$D$2:$E$6,t!$B$2:$C$6),2,0) -> 5207400 | N15: =N13*N14-VLOOKUP(N14,t!$B$2:$C$6,2,0) -> 23313000 | O15: =O13*0.25% -> 0 | Q15: 산출세액 | R15: =R13*R14-VLOOKUP(R14,IF(AND(R10="1세대1주택",R11<=9*10^8),t!$D$2:$E$6,t!$B$2:$C$6),2,0) -> 9030000 | S15: =S13*S14-VLOOKUP(S14,IF(AND(S10="1세대1주택",S11<=9*10^8),t!$D$2:$E$6,t!$B$2:$C$6),2,0) -> 2544000 | T15: =T13*T14-VLOOKUP(T14,IF(AND(T10="1세대1주택",T11<=9*10^8),t!$D$2:$E$6,t!$B$2:$C$6),2,0) -> 4131000 | U15: =U13*U14-VLOOKUP(U14,IF(AND(U10="1세대1주택",U11<=9*10^8),t!$D$2:$E$6,t!$B$2:$C$6),2,0) -> 5718000 | V15: =V13*V14-VLOOKUP(V14,t!$B$2:$C$6,2,0) -> 23313000 | W15: =W13*0.25% -> 0 | Y15: 산출세액 | Z15: =Z13*Z14-VLOOKUP(Z14,IF(AND(Z10="1세대1주택",Z11<=9*10^8),t!$D$2:$E$6,t!$B$2:$C$6),2,0) -> 9585450 | AA15: =AA13*AA14-VLOOKUP(AA14,IF(AND(AA10="1세대1주택",AA11<=9*10^8),t!$D$2:$E$6,t!$B$2:$C$6),2,0) -> 2726505 | AB15: =AB13*AB14-VLOOKUP(AB14,IF(AND(AB10="1세대1주택",AB11<=9*10^8),t!$D$2:$E$6,t!$B$2:$C$6),2,0) -> 4404757.5 | AC15: =AC13*AC14-VLOOKUP(AC14,IF(AND(AC10="1세대1주택",AC11<=9*10^8),t!$D$2:$E$6,t!$B$2:$C$6),2,0) -> 6083010 | AD15: =AD13*AD14-VLOOKUP(AD14,t!$B$2:$C$6,2,0) -> 26904450 | AE15: =AE13*0.25% -> 0 | AG15: 산출세액 | AH15: =AH13*AH14-VLOOKUP(AH14,IF(AND(AH10="1세대1주택",AH11<=9*10^8),t!$D$2:$E$6,t!$B$2:$C$6),2,0) -> 11089995 | AI15: =AI13*AI14-VLOOKUP(AI14,IF(AND(AI10="1세대1주택",AI11<=9*10^8),t!$D$2:$E$6,t!$B$2:$C$6),2,0) -> 3056601 | AJ15: =AJ13*AJ14-VLOOKUP(AJ14,IF(AND(AJ10="1세대1주택",AJ11<=9*10^8),t!$D$2:$E$6,t!$B$2:$C$6),2,0) -> 5009404.5 | AK15: =AK13*AK14-VLOOKUP(AK14,IF(AND(AK10="1세대1주택",AK11<=9*10^8),t!$D$2:$E$6,t!$B$2:$C$6),2,0) -> 7035210 | AL15: =AL13*AL14-VLOOKUP(AL14,t!$B$2:$C$6,2,0) -> 28581115 | AM15: =AM13*0.25% -> 0
A16: 재산세액 | B16: =B15 -> 7770000 | C16: =C15 -> 1428000 | D16: =D15 -> 2457000 | E16: =E15 -> 3726000 | F16: =SUM(B16:E16) -> 15381000 | G16: =MIN(G15,F27*150%) -> 0 | I16: 재산세액 | J16: =J15 -> 8253000 | K16: =K15 -> 2288700 | L16: =L15 -> 3748050 | M16: =M15 -> 5207400 | N16: =SUM(J16:M16) -> 19497150 | O16: =MIN(O15,O27*150%) -> -465660 | Q16: 재산세액 | R16: =R15 -> 9030000 | S16: =S15 -> 2544000 | T16: =T15 -> 4131000 | U16: =U15 -> 5718000 | V16: =SUM(R16:U16) -> 21423000 | W16: =MIN(W15,W27*150%) -> 0 | Y16: 재산세액 | Z16: =Z15 -> 9585450 | AA16: =AA15 -> 2726505 | AB16: =AB15 -> 4404757.5 | AC16: =AC15 -> 6083010 | AD16: =SUM(Z16:AC16) -> 22799722 | AE16: =MIN(AE15,AE27*150%) -> 0 | AG16: 재산세액 | AH16: =AH15 -> 11089995 | AI16: =AI15 -> 3056601 | AJ16: =AJ15 -> 5009404.5 | AK16: =AK15 -> 7035210 | AL16: =SUM(AH16:AK16) -> 26191210 | AM16: =MIN(AM15,AM27*150%) -> 0
A17: 도시지역분 | B17: =B$13*0.14% -> 2940000 | C17: =C$13*0.14% -> 720300 | D17: =D$13*0.14% -> 1080450 | E17: =E$13*0.14% -> 1524600 | G17: =G$13*0.14% -> 0 | I17: 도시지역분 | J17: =J$13*0.14% -> 3109050 | K17: =K$13*0.14% -> 1021545 | L17: =L$13*0.14% -> 1532317.5 | M17: =M$13*0.14% -> 2043090 | O17: =O$13*0.14% -> 0 | Q17: 도시지역분 | R17: =R$13*0.14% -> 3381000 | S17: =S$13*0.14% -> 1110900 | T17: =T$13*0.14% -> 1666350 | U17: =U$13*0.14% -> 2221800 | W17: =W$13*0.14% -> 0 | Y17: 도시지역분 | Z17: =Z$13*0.14% -> 3575407.5 | AA17: =AA$13*0.14% -> 1174776.8 | AB17: =AB$13*0.14% -> 1762165.1 | AC17: =AC$13*0.14% -> 2349553.5 | AE17: =AE$13*0.14% -> 0 | AG17: 도시지역분 | AH17: =AH$13*0.14% -> 4101998.2 | AI17: =AI$13*0.14% -> 1290310.4 | AJ17: =AJ$13*0.14% -> 1973791.6 | AK17: =AK$13*0.14% -> 2682823.5 | AM17: =AM$13*0.14% -> 0
A18: 지역자원시설세 | G18: =IF(G13<=6000000, G13*0.04%, IF(G13<=13000000, 2400+(G13-6000000)*0.05%, IF(G13<=26000000, 5900+(G13-13000000)*0.06%, IF(G13<=39000000, 13700+(G13-26000000)*0.08%, IF(G13<=64000000, 24100+(G13-39000000)*0.1%, 49100+(G13-64000000)*0.12% ) ) ) ) ) -> 0 | I18: 지역자원시설세 | O18: =IF(O13<=6000000, O13*0.04%, IF(O13<=13000000, 2400+(O13-6000000)*0.05%, IF(O13<=26000000, 5900+(O13-13000000)*0.06%, IF(O13<=39000000, 13700+(O13-26000000)*0.08%, IF(O13<=64000000, 24100+(O13-39000000)*0.1%, 49100+(O13-64000000)*0.12% ) ) ) ) ) -> 0 | Q18: 지역자원시설세 | W18: =IF(W13<=6000000, W13*0.04%, IF(W13<=13000000, 2400+(W13-6000000)*0.05%, IF(W13<=26000000, 5900+(W13-13000000)*0.06%, IF(W13<=39000000, 13700+(W13-26000000)*0.08%, IF(W13<=64000000, 24100+(W13-39000000)*0.1%, 49100+(W13-64000000)*0.12% ) ) ) ) ) -> 0 | Y18: 지역자원시설세 | AE18: =IF(AE13<=6000000, AE13*0.04%, IF(AE13<=13000000, 2400+(AE13-6000000)*0.05%, IF(AE13<=26000000, 5900+(AE13-13000000)*0.06%, IF(AE13<=39000000, 13700+(AE13-26000000)*0.08%, IF(AE13<=64000000, 24100+(AE13-39000000)*0.1%, 49100+(AE13-64000000)*0.12% ) ) ) ) ) -> 0 | AG18: 지역자원시설세 | AM18: =IF(AM13<=6000000, AM13*0.04%, IF(AM13<=13000000, 2400+(AM13-6000000)*0.05%, IF(AM13<=26000000, 5900+(AM13-13000000)*0.06%, IF(AM13<=39000000, 13700+(AM13-26000000)*0.08%, IF(AM13<=64000000, 24100+(AM13-39000000)*0.1%, 49100+(AM13-64000000)*0.12% ) ) ) ) ) -> 0
A19: 지방교육세 | B19: =B$16*0.2 -> 1554000 | C19: =C$16*0.2 -> 285600 | D19: =D$16*0.2 -> 491400 | E19: =E$16*0.2 -> 745200 | G19: =G$16*0.2 -> 0 | I19: 지방교육세 | J19: =J$16*0.2 -> 1650600 | K19: =K$16*0.2 -> 457740 | L19: =L$16*0.2 -> 749610 | M19: =M$16*0.2 -> 1041480 | O19: =O$16*0.2 -> -93132 | Q19: 지방교육세 | R19: =R$16*0.2 -> 1806000 | S19: =S$16*0.2 -> 508800 | T19: =T$16*0.2 -> 826200 | U19: =U$16*0.2 -> 1143600 | W19: =W$16*0.2 -> 0 | Y19: 지방교육세 | Z19: =Z$16*0.2 -> 1917090 | AA19: =AA$16*0.2 -> 545301 | AB19: =AB$16*0.2 -> 880951.5 | AC19: =AC$16*0.2 -> 1216602 | AE19: =AE$16*0.2 -> 0 | AG19: 지방교육세 | AH19: =AH$16*0.2 -> 2217999 | AI19: =AI$16*0.2 -> 611320.2 | AJ19: =AJ$16*0.2 -> 1001880.9 | AK19: =AK$16*0.2 -> 1407042 | AM19: =AM$16*0.2 -> 0
A20: 재산세납부액 | B20: =SUM(B16:B19) -> 12264000 | C20: =SUM(C16:C19) -> 2433900 | D20: =SUM(D16:D19) -> 4028850 | E20: =SUM(E16:E19) -> 5995800 | G20: =SUM(G16:G19) -> 0 | I20: 재산세납부액 | J20: =SUM(J16:J19) -> 13012650 | K20: =SUM(K16:K19) -> 3767985 | L20: =SUM(L16:L19) -> 6029977.5 | M20: =SUM(M16:M19) -> 8291970 | O20: =SUM(O16:O19) -> -558792 | Q20: 재산세납부액 | R20: =SUM(R16:R19) -> 14217000 | S20: =SUM(S16:S19) -> 4163700 | T20: =SUM(T16:T19) -> 6623550 | U20: =SUM(U16:U19) -> 9083400 | W20: =SUM(W16:W19) -> 0 | Y20: 재산세납부액 | Z20: =SUM(Z16:Z19) -> 15077947 | AA20: =SUM(AA16:AA19) -> 4446582.8 | AB20: =SUM(AB16:AB19) -> 7047874.1 | AC20: =SUM(AC16:AC19) -> 9649165.5 | AE20: =SUM(AE16:AE19) -> 0 | AG20: 재산세납부액 | AH20: =SUM(AH16:AH19) -> 17409992 | AI20: =SUM(AI16:AI19) -> 4958231.5 | AJ20: =SUM(AJ16:AJ19) -> 7985077 | AK20: =SUM(AK16:AK19) -> 11125076 | AM20: =SUM(AM16:AM19) -> 0
F22: 전년도 | G22: 전년도 | N22: 전년도 | O22: 전년도 | V22: 전년도 | W22: 전년도 | AD22: 전년도 | AE22: 전년도 | AL22: 전년도 | AM22: 전년도
A23: 시가표준 | B23: 4890000000 | C23: 800000000 | D23: 1200000000 | E23: 1700000000 | I23: 시가표준 | J23: =B11 -> 3500000000 | K23: =C11 -> 1150000000 | L23: =D11 -> 1.725e+09 | M23: =E11 -> 2300000000 | Q23: 시가표준 | R23: =J11 -> 4.025e+09 | S23: =K11 -> 1322500000 | T23: =L11 -> 1.98375e+09 | U23: =M11 -> 2645000000 | Y23: 시가표준 | Z23: =R11 -> 4.025e+09 | AA23: =S11 -> 1322500000 | AB23: =T11 -> 1.98375e+09 | AC23: =U11 -> 2645000000 | AG23: 시가표준 | AH23: =Z11 -> 4.62875e+09 | AI23: =AA11 -> 1520875000 | AJ23: =AB11 -> 2.2813125e+09 | AK23: =AC11 -> 3041750000
A24: 과세표준 | B24: =B23*IF(B10="1세대1주택",B12,60%) -> 2934000000 | C24: =C23*IF(C10="1세대1주택",C12,60%) -> 480000000 | D24: =D23*IF(D10="1세대1주택",D12,60%) -> 720000000 | E24: =E23*IF(E10="1세대1주택",E12,60%) -> 1020000000 | I24: 과세표준 | J24: =J23*0.6 -> 2100000000 | K24: =K23*0.6 -> 690000000 | L24: =L23*0.6 -> 1.035e+09 | M24: =M23*0.6 -> 1380000000 | Q24: 과세표준 | R24: =R23*0.6 -> 2.415e+09 | S24: =S23*0.6 -> 793500000 | T24: =T23*0.6 -> 1.19025e+09 | U24: =U23*0.6 -> 1587000000 | Y24: 과세표준 | Z24: =Z23*0.6 -> 2.415e+09 | AA24: =AA23*0.6 -> 793500000 | AB24: =AB23*0.6 -> 1.19025e+09 | AC24: =AC23*0.6 -> 1587000000 | AG24: 과세표준 | AH24: =AH23*0.6 -> 2.77725e+09 | AI24: =AI23*0.6 -> 912525000 | AJ24: =AJ23*0.6 -> 1.3687875e+09 | AK24: =AK23*0.6 -> 1825050000
A25: t | B25: {=INDEX(t!$B$3:$B$6,MATCH(TRUE,B13<=t!$A$3:$A$6,0))} -> 0.004 | C25: {=INDEX(t!$B$3:$B$6,MATCH(TRUE,C13<=t!$A$3:$A$6,0))} -> 0.004 | D25: {=INDEX(t!$B$3:$B$6,MATCH(TRUE,D13<=t!$A$3:$A$6,0))} -> 0.004 | E25: {=INDEX(t!$B$3:$B$6,MATCH(TRUE,E13<=t!$A$3:$A$6,0))} -> 0.004 | I25: t | J25: {=INDEX(t!$B$3:$B$6,MATCH(TRUE,J13<=t!$A$3:$A$6,0))} -> 0.004 | K25: {=INDEX(t!$B$3:$B$6,MATCH(TRUE,K13<=t!$A$3:$A$6,0))} -> 0.004 | L25: {=INDEX(t!$B$3:$B$6,MATCH(TRUE,L13<=t!$A$3:$A$6,0))} -> 0.004 | M25: {=INDEX(t!$B$3:$B$6,MATCH(TRUE,M13<=t!$A$3:$A$6,0))} -> 0.004 | Q25: t | R25: {=INDEX(t!$B$3:$B$6,MATCH(TRUE,R13<=t!$A$3:$A$6,0))} -> 0.004 | S25: {=INDEX(t!$B$3:$B$6,MATCH(TRUE,S13<=t!$A$3:$A$6,0))} -> 0.004 | T25: {=INDEX(t!$B$3:$B$6,MATCH(TRUE,T13<=t!$A$3:$A$6,0))} -> 0.004 | U25: {=INDEX(t!$B$3:$B$6,MATCH(TRUE,U13<=t!$A$3:$A$6,0))} -> 0.004 | Y25: t | Z25: {=INDEX(t!$B$3:$B$6,MATCH(TRUE,Z13<=t!$A$3:$A$6,0))} -> 0.004 | AA25: {=INDEX(t!$B$3:$B$6,MATCH(TRUE,AA13<=t!$A$3:$A$6,0))} -> 0.004 | AB25: {=INDEX(t!$B$3:$B$6,MATCH(TRUE,AB13<=t!$A$3:$A$6,0))} -> 0.004 | AC25: {=INDEX(t!$B$3:$B$6,MATCH(TRUE,AC13<=t!$A$3:$A$6,0))} -> 0.004 | AG25: t | AH25: {=INDEX(t!$B$3:$B$6,MATCH(TRUE,AH13<=t!$A$3:$A$6,0))} -> 0.004 | AI25: {=INDEX(t!$B$3:$B$6,MATCH(TRUE,AI13<=t!$A$3:$A$6,0))} -> 0.004 | AJ25: {=INDEX(t!$B$3:$B$6,MATCH(TRUE,AJ13<=t!$A$3:$A$6,0))} -> 0.004 | AK25: {=INDEX(t!$B$3:$B$6,MATCH(TRUE,AK13<=t!$A$3:$A$6,0))} -> 0.004
A26: 전연도 재산세상당액 | B26: =B24*B25-VLOOKUP(B25,t!$B$2:$C$6,2,0) -> 11106000 | C26: =C24*C25-VLOOKUP(C25,t!$B$2:$C$6,2,0) -> 1290000 | D26: =D24*D25-VLOOKUP(D25,t!$B$2:$C$6,2,0) -> 2250000 | E26: =E24*E25-VLOOKUP(E25,t!$B$2:$C$6,2,0) -> 3450000 | F26: =SUMPRODUCT(B26:E26,B35:E35) -> 17451000 | G26: =SUMPRODUCT(B26:E26,B68:E68) -> 645000 | I26: 전연도 재산세상당액 | J26: =J24*J25-VLOOKUP(J25,t!$B$2:$C$6,2,0) -> 7770000 | K26: =K24*K25-VLOOKUP(K25,t!$B$2:$C$6,2,0) -> 2130000 | L26: =L24*L25-VLOOKUP(L25,t!$B$2:$C$6,2,0) -> 3510000 | M26: =M24*M25-VLOOKUP(M25,t!$B$2:$C$6,2,0) -> 4890000 | N26: =SUMPRODUCT(J26:M26,J35:M35) -> 17235000 | O26: =SUMPRODUCT(J26:M26,J68:M68) -> 1065000 | Q26: 전연도 재산세상당액 | R26: =R24*R25-VLOOKUP(R25,t!$B$2:$C$6,2,0) -> 9030000 | S26: =S24*S25-VLOOKUP(S25,t!$B$2:$C$6,2,0) -> 2544000 | T26: =T24*T25-VLOOKUP(T25,t!$B$2:$C$6,2,0) -> 4131000 | U26: =U24*U25-VLOOKUP(U25,t!$B$2:$C$6,2,0) -> 5718000 | V26: =SUMPRODUCT(R26:U26,R35:U35) -> 20151000 | W26: =SUMPRODUCT(R26:U26,R68:U68) -> 1272000 | Y26: 전연도 재산세상당액 | Z26: =Z24*Z25-VLOOKUP(Z25,t!$B$2:$C$6,2,0) -> 9030000 | AA26: =AA24*AA25-VLOOKUP(AA25,t!$B$2:$C$6,2,0) -> 2544000 | AB26: =AB24*AB25-VLOOKUP(AB25,t!$B$2:$C$6,2,0) -> 4131000 | AC26: =AC24*AC25-VLOOKUP(AC25,t!$B$2:$C$6,2,0) -> 5718000 | AD26: =SUMPRODUCT(Z26:AC26,Z35:AC35) -> 20151000 | AE26: =SUMPRODUCT(Z26:AC26,Z68:AC68) -> 1272000 | AG26: 전연도 재산세상당액 | AH26: =AH24*AH25-VLOOKUP(AH25,t!$B$2:$C$6,2,0) -> 10479000 | AI26: =AI24*AI25-VLOOKUP(AI25,t!$B$2:$C$6,2,0) -> 3020100 | AJ26: =AJ24*AJ25-VLOOKUP(AJ25,t!$B$2:$C$6,2,0) -> 4845150 | AK26: =AK24*AK25-VLOOKUP(AK25,t!$B$2:$C$6,2,0) -> 6670200 | AL26: =SUMPRODUCT(AH26:AK26,AH35:AK35) -> 23504400 | AM26: =SUMPRODUCT(AH26:AK26,AH68:AK68) -> 1510050
A27: 전년도 종부세상당액 | F27: =F57 -> 82191407 | G27: =F88 -> -92727.273 | I27: 전년도 종부세상당액 | N27: =N57 -> 80700134 | O27: =N88 -> -310440 | Q27: 전년도 종부세상당액 | V27: =V57 -> 1.4241582e+08 | W27: =V88 -> 331009.48 | Y27: 전년도 종부세상당액 | AD27: =AD57 -> 1.7527522e+08 | AE27: =AD88 -> 378296.55 | AG27: 전년도 종부세상당액 | AL27: =AL57 -> 2.1731108e+08 | AM27: =AL90 -> 567297.05
A28: 세부담상한액 | F28: =SUM(F26,F27)*150% -> 1.4946361e+08 | G28: =SUM(G26,G27)*150% -> 828409.09 | I28: 세부담상한액 | N28: =SUM(N26,N27)*200% -> 1.9587027e+08 | O28: =SUM(O26,O27)*200% -> 1509120 | Q28: 세부담상한액 | V28: =SUM(V26,V27)*200% -> 3.2513364e+08 | W28: =SUM(W26,W27)*200% -> 3206019 | Y28: 세부담상한액 | AD28: =SUM(AD26,AD27)*200% -> 3.9085245e+08 | AE28: =SUM(AE26,AE27)*200% -> 3300593.1 | AG28: 세부담상한액 | AL28: =SUM(AL26,AL27)*200% -> 4.8163097e+08 | AM28: =SUM(AM26,AM27)*200% -> 4154694.1
B32: =A9 -> 2026 | F32: 전년도 | J32: =B32+1 -> 2027 | N32: 전년도 | R32: =J32+1 -> 2028 | V32: 전년도 | Z32: =R32+1 -> 2029 | AD32: 전년도 | AH32: =Z32+1 -> 2030 | AL32: 전년도
B33: =IF(OR($B$5="1세대1주택"),"1세대1주택","주택") -> 주택 | C33: =IF(OR($B$5="1세대1주택"),"1세대1주택","주택") -> 주택 | D33: =IF(OR($B$5="1세대1주택"),"1세대1주택","주택") -> 주택 | E33: =IF(OR($B$5="1세대1주택"),"1세대1주택","주택") -> 주택 | F33: =IF(OR($B$5="1세대1주택"),"1세대1주택","주택") -> 주택 | J33: =J10 -> 주택 | K33: =K10 -> 주택 | L33: =L10 -> 주택 | M33: =M10 -> 주택 | N33: =IF(OR($B$5="1세대1주택"),"1세대1주택","주택") -> 주택 | R33: =R10 -> 주택 | S33: =S10 -> 주택 | T33: =T10 -> 주택 | U33: =U10 -> 주택 | V33: =IF(OR($B$5="1세대1주택"),"1세대1주택","주택") -> 주택 | Z33: =Z10 -> 주택 | AA33: =AA10 -> 주택 | AB33: =AB10 -> 주택 | AC33: =AC10 -> 주택 | AD33: =IF(OR($B$5="1세대1주택"),"1세대1주택","주택") -> 주택 | AH33: =AH10 -> 주택 | AI33: =AI10 -> 주택 | AJ33: =AJ10 -> 주택 | AK33: =AK10 -> 주택 | AL33: =IF(OR($B$5="1세대1주택"),"1세대1주택","주택") -> 주택
A34: 소유자1 | B34: =IF($B$6=B$9,"거주","") -> 거주 | C34: =IF($B$6=C$9,"거주","") | D34: =IF($B$6=D$9,"거주","") | E34: =IF($B$6=E$9,"거주","") | F34: =B34 -> 거주 | I34: 소유자1의 거주지 | J34: =IF($B$6=J$9,"거주","") -> 거주 | K34: =IF($B$6=K$9,"거주","") | L34: =IF($B$6=L$9,"거주","") | M34: =IF($B$6=M$9,"거주","") | N34: =J34 -> 거주 | Q34: 소유자1 거주지 | R34: =IF($B$6=R$9,"거주","") -> 거주 | S34: =IF($B$6=S$9,"거주","") | T34: =IF($B$6=T$9,"거주","") | U34: =IF($B$6=U$9,"거주","") | V34: =R34 -> 거주 | Y34: 소유자1 거주지 | Z34: =IF($B$6=Z$9,"거주","") -> 거주 | AA34: =IF($B$6=AA$9,"거주","") | AB34: =IF($B$6=AB$9,"거주","") | AC34: =IF($B$6=AC$9,"거주","") | AD34: =Z34 -> 거주 | AG34: 소유자1 거주지 | AH34: =IF($B$6=AH$9,"거주","") -> 거주 | AI34: =IF($B$6=AI$9,"거주","") | AJ34: =IF($B$6=AJ$9,"거주","") | AK34: =IF($B$6=AK$9,"거주","") | AL34: =AH34 -> 거주
A35: 보유지분 | B35: =HLOOKUP(B$9,기초!$C$5:$I$16,MATCH($A35,기초!$A$5:$A$16,0),0) -> 1 | C35: =HLOOKUP(C$9,기초!$C$5:$I$16,MATCH($A35,기초!$A$5:$A$16,0),0) -> 0.5 | D35: =HLOOKUP(D$9,기초!$C$5:$I$16,MATCH($A35,기초!$A$5:$A$16,0),0) -> 1 | E35: =HLOOKUP(E$9,기초!$C$5:$I$16,MATCH($A35,기초!$A$5:$A$16,0),0) -> 1 | I35: 보유지분 | J35: =B35 -> 1 | K35: =C35 -> 0.5 | L35: =D35 -> 1 | M35: =E35 -> 1 | Q35: 소유지분(%) | R35: =J35 -> 1 | S35: =K35 -> 0.5 | T35: =L35 -> 1 | U35: =M35 -> 1 | Y35: 소유지분(%) | Z35: =R35 -> 1 | AA35: =S35 -> 0.5 | AB35: =T35 -> 1 | AC35: =U35 -> 1 | AG35: 소유지분(%) | AH35: =Z35 -> 1 | AI35: =AA35 -> 0.5 | AJ35: =AB35 -> 1 | AK35: =AC35 -> 1
A36: 보유기간 | B36: =HLOOKUP(B$9,기초!$C$5:$I$16,MATCH($A36,기초!$A$5:$A$16,0),0) -> 15 | C36: =HLOOKUP(C$9,기초!$C$5:$I$16,MATCH($A36,기초!$A$5:$A$16,0),0) -> 4 | D36: =HLOOKUP(D$9,기초!$C$5:$I$16,MATCH($A36,기초!$A$5:$A$16,0),0) -> 5 | E36: =HLOOKUP(E$9,기초!$C$5:$I$16,MATCH($A36,기초!$A$5:$A$16,0),0) -> 6 | F36: =IF(F33="1세대1주택",B36-1,) -> 0 | I36: 보유기간(연) | J36: =B36+1 -> 16 | K36: =C36+1 -> 5 | L36: =D36+1 -> 6 | M36: =E36+1 -> 7 | N36: =IF(N33="1세대1주택",J36-1,) -> 0
A37: 보유공제 | B37: =IF(B33="1세대1주택",IF(B36>=15,50%,IF(B36>=10,40%,IF(B36>=5,20%,0)))) -> FALSE | C37: =IF(C33="1세대1주택",IF(C36>=15,50%,IF(C36>=10,40%,IF(C36>=5,20%,0)))) -> FALSE | D37: =IF(D33="1세대1주택",IF(D36>=15,50%,IF(D36>=10,40%,IF(D36>=5,20%,0)))) -> FALSE | E37: =IF(E33="1세대1주택",IF(E36>=15,50%,IF(E36>=10,40%,IF(E36>=5,20%,0)))) -> FALSE | F37: =IF(F33="1세대1주택",IF(F36>=15,50%,IF(F36>=10,40%,IF(F36>=5,20%,0)))) -> FALSE | I37: 보유공제(%) | J37: =IF(J$33="1세대1주택",IF(J36>=15,25%,IF(J36>=10,20%,IF(J36>=5,10%,0)))) -> FALSE | K37: =IF(K$33="1세대1주택",IF(K36>=15,25%,IF(K36>=10,20%,IF(K36>=5,10%,0)))) -> FALSE | L37: =IF(L$33="1세대1주택",IF(L36>=15,25%,IF(L36>=10,20%,IF(L36>=5,10%,0)))) -> FALSE | M37: =IF(M$33="1세대1주택",IF(M36>=15,25%,IF(M36>=10,20%,IF(M36>=5,10%,0)))) -> FALSE | N37: =IF(N$33="1세대1주택",IF(N36>=15,25%,IF(N36>=10,20%,IF(N36>=5,10%,0)))) -> FALSE
A38: 주택수 | B38: =$B$3 -> 4 | I38: 주택수 | J38: =$B$3 -> 4 | Q38: 주택수 | R38: =$B$3 -> 4 | Y38: 주택수 | Z38: =$B$3 -> 4 | AG38: 주택수 | AH38: =$B$3 -> 4
A39: 적용세율 | B39: =IF(B38<=2,"기본세율","중과세율") -> 중과세율
I40: 거주기간 | J40: 15 | K40: 1 | L40: 2 | M40: 3 | N40: =OFFSET($I$40,0,MATCH("거주",$J34:$M34,0)) -> 15 | Q40: 거주기간(연) | R40: =IF(R34="거주",J40+1,J40) -> 16 | S40: =IF(S34="거주",K40+1,K40) -> 1 | T40: =IF(T34="거주",L40+1,L40) -> 2 | U40: =IF(U34="거주",M40+1,M40) -> 3 | V40: =OFFSET($I$40,0,MATCH("거주",$J34:$M34,0)) -> 15 | Y40: 거주기간(연) | Z40: =IF(Z34="거주",R40+1,R40) -> 17 | AA40: =IF(AA34="거주",S40+1,S40) -> 1 | AB40: =IF(AB34="거주",T40+1,T40) -> 2 | AC40: =IF(AC34="거주",U40+1,U40) -> 3 | AD40: =IF(AD34="거주",V40+1,V40) -> 16 | AG40: 거주기간(연) | AH40: =IF(AH34="거주",Z40+1,Z40) -> 18 | AI40: =IF(AI34="거주",AA40+1,AA40) -> 1 | AJ40: =IF(AJ34="거주",AB40+1,AB40) -> 2 | AK40: =IF(AK34="거주",AC40+1,AC40) -> 3 | AL40: =IF(AL34="거주",AD40+1,AD40) -> 17
I41: 거주공제(%) | J41: =IF(AND(J33="1세대1주택",COUNTIF($J$34:$J$34,"거주")=1),IF(J40>=15,50%,IF(J40>=10,40%,IF(J40>=5,20%,0)))) -> FALSE | K41: =IF(AND(K33="1세대1주택",COUNTIF($J$34:$J$34,"거주")=1),IF(K40>=15,50%,IF(K40>=10,40%,IF(K40>=5,20%,0)))) -> FALSE | L41: =IF(AND(L33="1세대1주택",COUNTIF($J$34:$J$34,"거주")=1),IF(L40>=15,50%,IF(L40>=10,40%,IF(L40>=5,20%,0)))) -> FALSE | M41: =IF(AND(M33="1세대1주택",COUNTIF($J$34:$J$34,"거주")=1),IF(M40>=15,50%,IF(M40>=10,40%,IF(M40>=5,20%,0)))) -> FALSE | N41: =IF(AND(N33="1세대1주택",COUNTIF($J$34:$J$34,"거주")=1),IF(N40>=15,50%,IF(N40>=10,40%,IF(N40>=5,20%,0)))) -> FALSE | Q41: 거주공제(%) | R41: =IF(AND(R33="1세대1주택",COUNTIF($J$34:$J$34,"거주")=1),IF(R40>=15,50%,IF(R40>=10,40%,IF(R40>=5,20%,0)))) -> FALSE | S41: =IF(AND(S33="1세대1주택",COUNTIF($J$34:$J$34,"거주")=1),IF(S40>=15,50%,IF(S40>=10,40%,IF(S40>=5,20%,0)))) -> FALSE | T41: =IF(AND(T33="1세대1주택",COUNTIF($J$34:$J$34,"거주")=1),IF(T40>=15,50%,IF(T40>=10,40%,IF(T40>=5,20%,0)))) -> FALSE | U41: =IF(AND(U33="1세대1주택",COUNTIF($J$34:$J$34,"거주")=1),IF(U40>=15,50%,IF(U40>=10,40%,IF(U40>=5,20%,0)))) -> FALSE | V41: =IF(AND(V33="1세대1주택",COUNTIF($J$34:$J$34,"거주")=1),IF(V40>=15,50%,IF(V40>=10,40%,IF(V40>=5,20%,0)))) -> FALSE | Y41: 거주공제(%) | Z41: =IF(AND(Z33="1세대1주택",COUNTIF($J$34:$J$34,"거주")=1),IF(Z40>=15,50%,IF(Z40>=10,40%,IF(Z40>=5,20%,0)))) -> FALSE | AA41: =IF(AND(AA33="1세대1주택",COUNTIF($J$34:$J$34,"거주")=1),IF(AA40>=15,50%,IF(AA40>=10,40%,IF(AA40>=5,20%,0)))) -> FALSE | AB41: =IF(AND(AB33="1세대1주택",COUNTIF($J$34:$J$34,"거주")=1),IF(AB40>=15,50%,IF(AB40>=10,40%,IF(AB40>=5,20%,0)))) -> FALSE | AC41: =IF(AND(AC33="1세대1주택",COUNTIF($J$34:$J$34,"거주")=1),IF(AC40>=15,50%,IF(AC40>=10,40%,IF(AC40>=5,20%,0)))) -> FALSE | AD41: =IF(AND(AD33="1세대1주택",COUNTIF($Z$34:$Z$34,"거주")=1),IF(AD40>=15,50%,IF(AD40>=10,40%,IF(AD40>=5,20%,0)))) -> FALSE | AG41: 거주공제(%) | AH41: =IF(AND(AH33="1세대1주택",COUNTIF($J$34:$J$34,"거주")=1),IF(AH40>=15,50%,IF(AH40>=10,40%,IF(AH40>=5,20%,0)))) -> FALSE | AI41: =IF(AND(AI33="1세대1주택",COUNTIF($J$34:$J$34,"거주")=1),IF(AI40>=15,50%,IF(AI40>=10,40%,IF(AI40>=5,20%,0)))) -> FALSE | AJ41: =IF(AND(AJ33="1세대1주택",COUNTIF($J$34:$J$34,"거주")=1),IF(AJ40>=15,50%,IF(AJ40>=10,40%,IF(AJ40>=5,20%,0)))) -> FALSE | AK41: =IF(AND(AK33="1세대1주택",COUNTIF($J$34:$J$34,"거주")=1),IF(AK40>=15,50%,IF(AK40>=10,40%,IF(AK40>=5,20%,0)))) -> FALSE | AL41: =IF(AND(AL33="1세대1주택",COUNTIF($Z$34:$Z$34,"거주")=1),IF(AL40>=15,50%,IF(AL40>=10,40%,IF(AL40>=5,20%,0)))) -> FALSE
A42: 연령 | B42: 66 | F42: =B42-1 -> 65 | I42: 연령(세) | J42: =B42+1 -> 67 | N42: =J42-1 -> 66 | Q42: 연령(세) | R42: =J42+1 -> 68 | V42: =R42-1 -> 67 | Y42: 연령(세) | Z42: =R42+1 -> 69 | AD42: =Z42-1 -> 68 | AG42: 연령(세) | AH42: =Z42+1 -> 70 | AL42: =AH42-1 -> 69
A43: 연령공제 | B43: =IF(B33="1세대1주택",IF(B42>=70,40%,IF(B42>=65,30%,IF(B42>=60,20%,0)))) -> FALSE | F43: =IF(F33="1세대1주택",IF(F42>=70,40%,IF(F42>=65,30%,IF(F42>=60,20%,0)))) -> FALSE | I43: 연령공제(%) | J43: =IF(J33="1세대1주택",IF(J42>=70,40%,IF(J42>=65,30%,IF(J42>=60,20%,0)))) -> FALSE | N43: =IF(N33="1세대1주택",IF(N42>=70,40%,IF(N42>=65,30%,IF(N42>=60,20%,0)))) -> FALSE | Q43: 연령공제(%) | R43: =IF(R33="1세대1주택",IF(R42>=70,40%,IF(R42>=65,30%,IF(R42>=60,20%,0)))) -> FALSE | V43: =IF(V33="1세대1주택",IF(V42>=70,40%,IF(V42>=65,30%,IF(V42>=60,20%,0)))) -> FALSE | Y43: 연령공제(%) | Z43: =IF(Z33="1세대1주택",IF(Z42>=70,40%,IF(Z42>=65,30%,IF(Z42>=60,20%,0)))) -> FALSE | AD43: =IF(AD33="1세대1주택",IF(AD42>=70,40%,IF(AD42>=65,30%,IF(AD42>=60,20%,0)))) -> FALSE | AG43: 연령공제(%) | AH43: =IF(AH33="1세대1주택",IF(AH42>=70,40%,IF(AH42>=65,30%,IF(AH42>=60,20%,0)))) -> FALSE | AL43: =IF(AL33="1세대1주택",IF(AL42>=70,40%,IF(AL42>=65,30%,IF(AL42>=60,20%,0)))) -> FALSE
A44: 세액공제율 | B44: =IF(B33="1세대1주택",MIN(80%,SUM(B43,B37)),0) -> 0 | F44: =IF(F33="1세대1주택",MIN(80%,SUM(F43,F37)),0) -> 0 | I44: 세액공제율 | J44: =IF(J33="1세대1주택",MIN(80%,J$43+MAX(J$41,J$37)),0) -> 0 | N44: =IF(N33="1세대1주택",MIN(80%,N$43+MAX(N$41,N$37)),0) -> 0 | Q44: 세액공제율 | R44: =IF(R33="1세대1주택",MIN(80%,R$43+MAX(R$41,R$37)),0) -> 0 | V44: =IF(V33="1세대1주택",MIN(80%,V$43+MAX(V$41,V$37)),0) -> 0 | Y44: 세액공제율 | Z44: =IF(Z33="1세대1주택",MIN(80%,Z$43+MAX(Z$41,Z$37)),0) -> 0 | AD44: =IF(AD33="1세대1주택",MIN(80%,AD41+AD43)) -> FALSE | AG44: 세액공제율 | AH44: =IF(AH33="1세대1주택",MIN(80%,AH$43+MAX(AH$41,AH$37)),0) -> 0 | AL44: =IF(AL33="1세대1주택",MIN(80%,AL41+AL43)) -> FALSE
A46: =A9 -> 2026 | F46: =B39 -> 중과세율 | I46: =A46+1 -> 2027 | J46: 거주용1주택 | K46: 비거주1주택 | L46: 3주택 | N46: =B39 -> 중과세율 | Q46: =I46+1 -> 2028 | R46: 거주용1주택 | S46: 비거주1주택 | T46: 3주택 | V46: =$B$4 -> 3주택 | Y46: =Q46+1 -> 2029 | Z46: 거주용1주택 | AA46: 비거주1주택 | AB46: 3주택 | AD46: =$B$4 -> 3주택 | AG46: =Y46+1 -> 2030 | AH46: 거주용1주택 | AI46: 비거주1주택 | AJ46: 3주택 | AL46: =$B$4 -> 3주택
A47: 주택공시가격 | B47: =SUMPRODUCT($B$11:$E$11,$B$35:$E$35) -> 8100000000 | F47: =SUMPRODUCT(B23:E23,B35:E35) -> 8190000000 | I47: 주택공시가격 | J47: =SUMPRODUCT($J$11:$M$11,$J$35:$M$35) -> 9315000000 | K47: =SUMPRODUCT($J$11:$M$11,$J$35:$M$35) -> 9315000000 | L47: =SUMPRODUCT($J$11:$M$11,$J$35:$M$35) -> 9315000000 | N47: =SUMPRODUCT(J23:M23,J35:M35) -> 8100000000 | Q47: 주택공시가격 | R47: =SUMPRODUCT($R$11:$U$11,$R$35:$U$35) -> 9315000000 | S47: =SUMPRODUCT($R$11:$U$11,$R$35:$U$35) -> 9315000000 | T47: =SUMPRODUCT($R$11:$U$11,$R$35:$U$35) -> 9315000000 | V47: =SUMPRODUCT(R23:U23,R35:U35) -> 9315000000 | Y47: 주택공시가격 | Z47: =SUMPRODUCT($Z$11:$AC$11,$Z$35:$AC$35) -> 1.071225e+10 | AA47: =SUMPRODUCT($Z$11:$AC$11,$Z$35:$AC$35) -> 1.071225e+10 | AB47: =SUMPRODUCT($Z$11:$AC$11,$Z$35:$AC$35) -> 1.071225e+10 | AD47: =SUMPRODUCT(Z23:AC23,Z35:AC35) -> 9315000000 | AG47: 주택공시가격 | AH47: =SUMPRODUCT($AH$11:$AK$11,$AH$35:$AK$35) -> 1.1403256e+10 | AI47: =SUMPRODUCT($AH$11:$AK$11,$AH$35:$AK$35) -> 1.1403256e+10 | AJ47: =SUMPRODUCT($AH$11:$AK$11,$AH$35:$AK$35) -> 1.1403256e+10 | AL47: =SUMPRODUCT(AH23:AK23,AH35:AK35) -> 1.071225e+10
A48: 공제금액 | B48: =IF(B33="1세대1주택",1200000000,900000000) -> 900000000 | F48: =IF(F33="1세대1주택",1200000000,900000000) -> 900000000 | I48: 공제금액 | J48: 1400000000 | K48: =4*10^8 +500000000 *OFFSET(I11,0,MATCH("거주",J34:M34,0))*OFFSET(I35,0,MATCH("거주",J67:M67,0)) /K80 -> 3.4434783e+09 | L48: =4*10^8 +500000000 *OFFSET(I11,0,MATCH("거주",J34:M34,0))*OFFSET(I35,0,MATCH("거주",J34:M34,0)) /L47 -> 6.1604938e+08 | N48: =IF(N33="1세대1주택",1200000000,900000000) -> 900000000 | Q48: 공제금액 | R48: 1400000000 | S48: =4*10^8 +500000000 *OFFSET(Q11,0,MATCH("거주",R34:U34,0))*OFFSET(Q35,0,MATCH("거주",R34:U34,0)) /S47 -> 6.1604938e+08 | T48: =4*10^8 +500000000 *OFFSET(Q11,0,MATCH("거주",R34:U34,0))*OFFSET(Q35,0,MATCH("거주",R34:U34,0)) /T47 -> 6.1604938e+08 | V48: =OFFSET(I48,0,MATCH(V46,J46:L46,0)) -> 6.1604938e+08 | Y48: 공제금액 | Z48: 1400000000 | AA48: =4*10^8 +500000000 *OFFSET(Y11,0,MATCH("거주",Z34:AC34,0))*OFFSET(Y35,0,MATCH("거주",Z34:AC34,0)) /AA47 -> 6.1604938e+08 | AB48: =4*10^8 +500000000 *OFFSET(Y11,0,MATCH("거주",Z34:AC34,0))*OFFSET(Y35,0,MATCH("거주",Z34:AC34,0)) /AB47 -> 6.1604938e+08 | AD48: =OFFSET(Q48,0,MATCH(AD46,R46:T46,0)) -> 6.1604938e+08 | AG48: 공제금액 | AH48: 1400000000 | AI48: =4*10^8 +500000000 *OFFSET(AG11,0,MATCH("거주",AH34:AK34,0))*OFFSET(AG35,0,MATCH("거주",AH34:AK34,0)) /AI47 -> 6.2325312e+08 | AJ48: =4*10^8 +500000000 *OFFSET(AG11,0,MATCH("거주",AH34:AK34,0))*OFFSET(AG35,0,MATCH("거주",AH34:AK34,0)) /AJ47 -> 6.2325312e+08 | AL48: =OFFSET(Y48,0,MATCH(AL46,Z46:AB46,0)) -> 6.1604938e+08
A49: 공제초과금액 | B49: =IF(B47>B48,B47-B48,0) -> 7200000000 | F49: =F47-F48 -> 7290000000 | I49: 공제초과금액 | J49: =IF(J47>J48,J47-J48,0) -> 7915000000 | K49: =IF(K47>K48,K47-K48,0) -> 5.8715217e+09 | L49: =IF(L47>L48,L47-L48,0) -> 8.6989506e+09 | N49: =N47-N48 -> 7200000000 | Q49: 공제초과금액 | R49: =IF(R47>R48,R47-R48,0) -> 7915000000 | S49: =IF(S47>S48,S47-S48,0) -> 8.6989506e+09 | T49: =IF(T47>T48,T47-T48,0) -> 8.6989506e+09 | V49: =V47-V48 -> 8.6989506e+09 | Y49: 공제초과금액 | Z49: =IF(Z47>Z48,Z47-Z48,0) -> 9.31225e+09 | AA49: =IF(AA47>AA48,AA47-AA48,0) -> 1.0096201e+10 | AB49: =IF(AB47>AB48,AB47-AB48,0) -> 1.0096201e+10 | AD49: =AD47-AD48 -> 8.6989506e+09 | AG49: 공제초과금액 | AH49: =IF(AH47>AH48,AH47-AH48,0) -> 1.0003256e+10 | AI49: =IF(AI47>AI48,AI47-AI48,0) -> 1.0780003e+10 | AJ49: =IF(AJ47>AJ48,AJ47-AJ48,0) -> 1.0780003e+10 | AL49: =AL47-AL48 -> 1.0096201e+10
A50: 공정시장가액비율 | B50: 0.6 | F50: 0.6 | I50: 공정시장가액비율 | J50: 0.7 | K50: 0.7 | L50: 0.7 | N50: 0.6 | Q50: 공정시장가액비율 | R50: 0.7 | S50: 0.7 | T50: 0.8 | V50: =OFFSET(I50,0,MATCH(V46,J46:L46,0)) -> 0.7 | Y50: 공정시장가액비율 | Z50: 0.7 | AA50: 0.7 | AB50: 0.8 | AD50: =OFFSET(Q50,0,MATCH(AD46,R46:T46,0)) -> 0.8 | AG50: 공정시장가액비율 | AH50: 0.7 | AI50: 0.7 | AJ50: 0.8 | AL50: =OFFSET(Y50,0,MATCH(AL46,Z46:AB46,0)) -> 0.8
A51: 과세표준 | B51: =B49*B50 -> 4320000000 | F51: =F49*F50 -> 4374000000 | I51: 과세표준 | J51: =IF(J49>0,J49*J50,0) -> 5540500000 | K51: =IF(K49>0,K49*K50,0) -> 4.1100652e+09 | L51: =IF(L49>0,L49*L50,0) -> 6.0892654e+09 | N51: =N49*N50 -> 4320000000 | Q51: 과세표준 | R51: =IF(R49>0,R49*R50,0) -> 5540500000 | S51: =IF(S49>0,S49*S50,0) -> 6.0892654e+09 | T51: =IF(T49>0,T49*T50,0) -> 6.9591605e+09 | V51: =V49*V50 -> 6.0892654e+09 | Y51: 과세표준 | Z51: =IF(Z49>0,Z49*Z50,0) -> 6.518575e+09 | AA51: =IF(AA49>0,AA49*AA50,0) -> 7.0673404e+09 | AB51: =IF(AB49>0,AB49*AB50,0) -> 8.0769605e+09 | AD51: =AD49*AD50 -> 6.9591605e+09 | AG51: 과세표준 | AH51: =IF(AH49>0,AH49*AH50,0) -> 7.0022794e+09 | AI51: =IF(AI49>0,AI49*AI50,0) -> 7.5460022e+09 | AJ51: =IF(AJ49>0,AJ49*AJ50,0) -> 8.6240025e+09 | AL51: =AL49*AL50 -> 8.0769605e+09
A52: 세율 | B52: {=IF(B39="기본세율", INDEX(t!$M$3:$M$9,MATCH(TRUE,B51<=t!$L$3:$L$9,0)), INDEX(t!$O$3:$O$9,MATCH(TRUE,B51<=t!$L$3:$L$9,0)))} -> 0.03 | F52: {=IF(F46="기본세율", INDEX(t!$M$3:$M$9,MATCH(TRUE,F51<=t!$L$3:$L$9,0)), INDEX(t!$O$3:$O$9,MATCH(TRUE,F51<=t!$L$3:$L$9,0)))} -> 0.03 | I52: 세율 | J52: {=INDEX(t!$M$13:$M$19,MATCH(TRUE,J51<=t!$L$13:$L$19,0))} -> 0.027 | K52: {=INDEX(t!$M$13:$M$19,MATCH(TRUE,K51<=t!$L$13:$L$19,0))} -> 0.02 | L52: {=INDEX(t!$O$13:$O$19,MATCH(TRUE,L51<=t!$L$13:$L$19,0))} -> 0.04 | N52: {=IF(N46="기본세율", INDEX(t!$M$3:$M$9,MATCH(TRUE,N51<=t!$L$3:$L$9,0)), INDEX(t!$O$3:$O$9,MATCH(TRUE,N51<=t!$L$3:$L$9,0)))} -> 0.03 | Q52: 세율 | R52: {=INDEX(t!$M$23:$M$29,MATCH(TRUE,R51<=t!$L$23:$L$29,0))} -> 0.04 | S52: {=INDEX(t!$M$23:$M$29,MATCH(TRUE,S51<=t!$L$23:$L$29,0))} -> 0.04 | T52: {=INDEX(t!$M$23:$M$29,MATCH(TRUE,T51<=t!$L$23:$L$29,0))} -> 0.04 | V52: {=INDEX(t!$O$13:$O$19,MATCH(TRUE,V51<=t!$L$13:$L$19,0))} -> 0.04 | Y52: 세율 | Z52: {=INDEX(t!$M$23:$M$29,MATCH(TRUE,Z51<=t!$L$23:$L$29,0))} -> 0.04 | AA52: {=INDEX(t!$M$23:$M$29,MATCH(TRUE,AA51<=t!$L$23:$L$29,0))} -> 0.04 | AB52: {=INDEX(t!$M$23:$M$29,MATCH(TRUE,AB51<=t!$L$23:$L$29,0))} -> 0.04 | AD52: {=INDEX(t!$M$23:$M$29,MATCH(TRUE,AD51<=t!$L$23:$L$29,0))} -> 0.04 | AG52: 세율 | AH52: {=INDEX(t!$M$23:$M$29,MATCH(TRUE,AH51<=t!$L$23:$L$29,0))} -> 0.04 | AI52: {=INDEX(t!$M$23:$M$29,MATCH(TRUE,AI51<=t!$L$23:$L$29,0))} -> 0.04 | AJ52: {=INDEX(t!$M$23:$M$29,MATCH(TRUE,AJ51<=t!$L$23:$L$29,0))} -> 0.04 | AL52: {=INDEX(t!$M$23:$M$29,MATCH(TRUE,AL51<=t!$L$23:$L$29,0))} -> 0.04
A53: 종합부동산세액 | B53: =B51*B52-VLOOKUP(B52,IF(B39="기본세율",t!$M$2:$N$9,t!$O$2:$P$9),2,0) -> 90200000 | F53: =F51*F52-VLOOKUP(F52,IF(F46="기본세율",t!$M$2:$N$9,t!$O$2:$P$9),2,0) -> 91820000 | I53: 종합부동산세액 | J53: =J51*J52-VLOOKUP(J52,t!$M$13:$N$19,2,0) -> 95493500 | K53: =K51*K52-VLOOKUP(K52,t!$M$13:$N$19,2,0) -> 63101304 | L53: =L51*L52-VLOOKUP(L52,t!$O$13:$P$19,2,0) -> 1.5597062e+08 | N53: =N51*N52-VLOOKUP(N52,IF(N46="기본세율",t!$M$2:$N$9,t!$O$2:$P$9),2,0) -> 90200000 | Q53: 종합부동산세액 | R53: =R51*R52-VLOOKUP(R52,t!$M$22:$N$29,2,0) -> 134020000 | S53: =S51*S52-VLOOKUP(S52,t!$M$22:$N$29,2,0) -> 1.5597062e+08 | T53: =T51*T52-VLOOKUP(T52,t!$M$22:$N$29,2,0) -> 1.9076642e+08 | V53: =V51*V52-VLOOKUP(V52,t!$O$13:$P$19,2,0) -> 1.5597062e+08 | Y53: 종합부동산세액 | Z53: =Z51*Z52-VLOOKUP(Z52,t!$M$22:$N$29,2,0) -> 1.73143e+08 | AA53: =AA51*AA52-VLOOKUP(AA52,t!$M$22:$N$29,2,0) -> 1.9509362e+08 | AB53: =AB51*AB52-VLOOKUP(AB52,t!$M$22:$N$29,2,0) -> 2.3547842e+08 | AD53: =AD51*AD52-VLOOKUP(AD52,t!$M$22:$N$29,2,0) -> 1.9076642e+08 | AG53: 종합부동산세액 | AH53: =AH51*AH52-VLOOKUP(AH52,t!$M$22:$N$29,2,0) -> 1.9249117e+08 | AI53: =AI51*AI52-VLOOKUP(AI52,t!$M$22:$N$29,2,0) -> 2.1424009e+08 | AJ53: =AJ51*AJ52-VLOOKUP(AJ52,t!$M$22:$N$29,2,0) -> 2.573601e+08 | AL53: =AL51*AL52-VLOOKUP(AL52,t!$M$22:$N$29,2,0) -> 2.3547842e+08
A54: 공제할재산세액 | B54: =SUMPRODUCT(B16:E16,B35:E35) *(B51*60%*0.4%) /(B47*0.6*0.4%-630000) -> 8084394.3 | F54: =F26 *(F51*60%*0.4%) /(F47*0.6*0.4%-630000) -> 9628593.4 | I54: 공제할재산세액 | J54: =SUMPRODUCT($J$16:$M$16,$J$35:$M$35) *(J51*60%*0.4%) /(J47*0.6*0.4%-630000) -> 11232664 | K54: =SUMPRODUCT($J$16:$M$16,$J$35:$M$35) *(K51*60%*0.4%) /(K47*0.6*0.4%-630000) -> 8332637.9 | L54: =SUMPRODUCT($J$16:$M$16,$J$35:$M$35) *(L51*60%*0.4%) /(L47*0.6*0.4%-630000) -> 12345216 | N54: =N26 *(N51*60%*0.4%) /(N47*0.6*0.4%-630000) -> 9499866 | Q54: 공제할재산세액 | R54: =SUMPRODUCT($R$16:$U$16,$R$35:$U$35) *(R51*60%*0.4%) /(R47*0.6*0.4%-630000) -> 12333236 | S54: =SUMPRODUCT($R$16:$U$16,$R$35:$U$35) *(S51*60%*0.4%) /(S47*0.6*0.4%-630000) -> 13554796 | T54: =SUMPRODUCT($R$16:$U$16,$R$35:$U$35) *(T51*60%*0.4%) /(T47*0.6*0.4%-630000) -> 15491195 | V54: =V26 *(V51*60%*0.4%) /(V47*0.6*0.4%-630000) -> 13554796 | Y54: 공제할재산세액 | Z54: =SUMPRODUCT($Z$16:$AC$16,$Z$35:$AC$35) *(Z51*60%*0.4%) /(Z47*0.6*0.4%-630000) -> 13372113 | AA54: =SUMPRODUCT($Z$16:$AC$16,$Z$35:$AC$35) *(AA51*60%*0.4%) /(AA47*0.6*0.4%-630000) -> 14497843 | AB54: =SUMPRODUCT($Z$16:$AC$16,$Z$35:$AC$35) *(AB51*60%*0.4%) /(AB47*0.6*0.4%-630000) -> 16568963 | AD54: =AD26 *(AD51*60%*0.4%) /(AD47*0.6*0.4%-630000) -> 15491195 | AG54: 공제할재산세액 | AH54: =SUMPRODUCT($AH$16:$AK$16,$Z$35:$AC$35) *(AH51*60%*0.4%) /(AH47*0.6*0.4%-630000) -> 15501334 | AI54: =SUMPRODUCT($AH$16:$AK$16,$Z$35:$AC$35) *(AI51*60%*0.4%) /(AI47*0.6*0.4%-630000) -> 16705004 | AJ54: =SUMPRODUCT($AH$16:$AK$16,$Z$35:$AC$35) *(AJ51*60%*0.4%) /(AJ47*0.6*0.4%-630000) -> 19091433 | AL54: =AL26 *(AL51*60%*0.4%) /(AL47*0.6*0.4%-630000) -> 18167335
A55: 산출세액 | B55: =B53-B54 -> 82115606 | F55: =F53-F54 -> 82191407 | I55: 산출세액 | J55: =IF(J53-J54<0,0,J53-J54) -> 84260836 | K55: =IF(K53-K54<0,0,K53-K54) -> 54768666 | L55: =IF(L53-L54<0,0,L53-L54) -> 1.436254e+08 | N55: =N53-N54 -> 80700134 | Q55: 산출세액 | R55: =IF(R53-R54<0,0,R53-R54) -> 1.2168676e+08 | S55: =IF(S53-S54<0,0,S53-S54) -> 1.4241582e+08 | T55: =IF(T53-T54<0,0,T53-T54) -> 1.7527522e+08 | V55: =V53-V54 -> 1.4241582e+08 | Y55: 산출세액 | Z55: =IF(Z53-Z54<0,0,Z53-Z54) -> 1.5977089e+08 | AA55: =IF(AA53-AA54<0,0,AA53-AA54) -> 1.8059577e+08 | AB55: =IF(AB53-AB54<0,0,AB53-AB54) -> 2.1890946e+08 | AD55: =AD53-AD54 -> 1.7527522e+08 | AG55: 산출세액 | AH55: =IF(AH53-AH54<0,0,AH53-AH54) -> 1.7698984e+08 | AI55: =IF(AI53-AI54<0,0,AI53-AI54) -> 1.9753508e+08 | AJ55: =IF(AJ53-AJ54<0,0,AJ53-AJ54) -> 2.3826867e+08 | AL55: =AL53-AL54 -> 2.1731108e+08
A56: 세액공제 | B56: =B55*B44 -> 0 | F56: =F55*F44 -> 0 | I56: 세액공제 | J56: =MIN(8000000,J55*J44) -> 0 | K56: =MIN(8000000,K55*K44) -> 0 | L56: =MIN(8000000,L55*L44) -> 0 | N56: =MIN(8000000,N55*N44) -> 0 | Q56: 세액공제 | R56: =MIN(6000000,R55*R44) -> 0 | S56: =MIN(6000000,S55*S44) -> 0 | T56: =MIN(6000000,T55*T44) -> 0 | V56: =MIN(6000000,V55*V44) -> 0 | Y56: 세액공제 | Z56: =MIN(6000000,Z55*Z44) -> 0 | AA56: =MIN(6000000,AA55*AA44) -> 0 | AB56: =MIN(6000000,AB55*AB44) -> 0 | AD56: =MIN(6000000,AD55*AD44) -> 0 | AG56: 세액공제 | AH56: =MIN(6000000,AH55*AH44) -> 0 | AI56: =MIN(6000000,AI55*AI44) -> 0 | AJ56: =MIN(6000000,AJ55*AJ44) -> 0 | AL56: =MIN(6000000,AL55*AL44) -> 0
A57: 세액공제 후 종부세액 | B57: =B55-B56 -> 82115606 | F57: =F55-F56 -> 82191407 | I57: 세액공제 후 종부세액 | J57: =J55-J56 -> 84260836 | K57: =K55-K56 -> 54768666 | L57: =L55-L56 -> 1.436254e+08 | N57: =N55-N56 -> 80700134 | Q57: 세액공제 후 종부세액 | R57: =R55-R56 -> 1.2168676e+08 | S57: =S55-S56 -> 1.4241582e+08 | T57: =T55-T56 -> 1.7527522e+08 | V57: =V55-V56 -> 1.4241582e+08 | Y57: 세액공제 후 종부세액 | Z57: =Z55-Z56 -> 1.5977089e+08 | AA57: =AA55-AA56 -> 1.8059577e+08 | AB57: =AB55-AB56 -> 2.1890946e+08 | AD57: =AD55-AD56 -> 1.7527522e+08 | AG57: 세액공제 후 종부세액 | AH57: =AH55-AH56 -> 1.7698984e+08 | AI57: =AI55-AI56 -> 1.9753508e+08 | AJ57: =AJ55-AJ56 -> 2.3826867e+08 | AL57: =AL55-AL56 -> 2.1731108e+08
A58: 세부담상한초과세액 | B58: =MAX(SUMPRODUCT(B16:E16,B35:E35)+B57-$F$28,0) -> 0 | I58: 세부담상한초과세액 | J58: =MAX(SUMPRODUCT($J$16:$M$16,$J$35:$M$35)+J57-$N$28,0) -> 0 | K58: =MAX(SUMPRODUCT($J$16:$M$16,$J$35:$M$35)+K57-$N$28,0) -> 0 | L58: =MAX(SUMPRODUCT($J$16:$M$16,$J$35:$M$35)+L57-$N$28,0) -> 0 | Q58: 세부담상한초과세액 | R58: =MAX(SUMPRODUCT($R$16:$U$16,$R$35:$U$35)+R57-$V$28,0) -> 0 | S58: =MAX(SUMPRODUCT($R$16:$U$16,$R$35:$U$35)+S57-$V$28,0) -> 0 | T58: =MAX(SUMPRODUCT($R$16:$U$16,$R$35:$U$35)+T57-$V$28,0) -> 0 | Y58: 세부담상한초과세액 | Z58: =MAX(SUMPRODUCT($Z$16:$AC$16,$Z$35:$AC$35)+Z57-$V$28,0) -> 0 | AA58: =MAX(SUMPRODUCT($Z$16:$AC$16,$Z$35:$AC$35)+AA57-$V$28,0) -> 0 | AB58: =MAX(SUMPRODUCT($Z$16:$AC$16,$Z$35:$AC$35)+AB57-$V$28,0) -> 0 | AG58: 세부담상한초과세액 | AH58: =MAX(SUMPRODUCT($AH$16:$AK$16,$AH$35:$AK$35)+AH57-$V$28,0) -> 0 | AI58: =MAX(SUMPRODUCT($AH$16:$AK$16,$AH$35:$AK$35)+AI57-$V$28,0) -> 0 | AJ58: =MAX(SUMPRODUCT($AH$16:$AK$16,$AH$35:$AK$35)+AJ57-$V$28,0) -> 0
A59: 종합부동산세 | B59: =B57-B58 -> 82115606 | I59: 종합부동산세 | J59: =J57-J58 -> 84260836 | K59: =K57-K58 -> 54768666 | L59: =L57-L58 -> 1.436254e+08 | Q59: 종합부동산세 | R59: =R57-R58 -> 1.2168676e+08 | S59: =S57-S58 -> 1.4241582e+08 | T59: =T57-T58 -> 1.7527522e+08 | Y59: 종합부동산세 | Z59: =Z57-Z58 -> 1.5977089e+08 | AA59: =AA57-AA58 -> 1.8059577e+08 | AB59: =AB57-AB58 -> 2.1890946e+08 | AG59: 종합부동산세 | AH59: =AH57-AH58 -> 1.7698984e+08 | AI59: =AI57-AI58 -> 1.9753508e+08 | AJ59: =AJ57-AJ58 -> 2.3826867e+08
A60: 농어촌 | B60: =B59*0.2 -> 16423121 | I60: 농어촌 | J60: =J59*0.2 -> 16852167 | K60: =K59*0.2 -> 10953733 | L60: =L59*0.2 -> 28725080 | Q60: 농어촌 | R60: =R59*0.2 -> 24337353 | S60: =S59*0.2 -> 28483164 | T60: =T59*0.2 -> 35055045 | Y60: 농어촌 | Z60: =Z59*0.2 -> 31954177 | AA60: =AA59*0.2 -> 36119155 | AB60: =AB59*0.2 -> 43781891 | AG60: 농어촌 | AH60: =AH59*0.2 -> 35397968 | AI60: =AI59*0.2 -> 39507017 | AJ60: =AJ59*0.2 -> 47653734
A61: 종부세납부액 | B61: =SUM(B59:B60) -> 98538727 | I61: 종부세납부액 | J61: =SUM(J59:J60) -> 1.01113e+08 | K61: =SUM(K59:K60) -> 65722400 | L61: =SUM(L59:L60) -> 1.7235048e+08 | Q61: 종부세납부액 | R61: =SUM(R59:R60) -> 1.4602412e+08 | S61: =SUM(S59:S60) -> 1.7089899e+08 | T61: =SUM(T59:T60) -> 2.1033027e+08 | Y61: 종부세납부액 | Z61: =SUM(Z59:Z60) -> 1.9172506e+08 | AA61: =SUM(AA59:AA60) -> 2.1671493e+08 | AB61: =SUM(AB59:AB60) -> 2.6269135e+08 | AG61: 종부세납부액 | AH61: =SUM(AH59:AH60) -> 2.1238781e+08 | AI61: =SUM(AI59:AI60) -> 2.370421e+08 | AJ61: =SUM(AJ59:AJ60) -> 2.859224e+08
B65: =B32 -> 2026 | F65: 전년도 | J65: =J32 -> 2027 | N65: 전년도 | R65: =J65+1 -> 2028 | V65: 전년도 | Z65: =R65+1 -> 2029 | AD65: 전년도 | AH65: =Z65+1 -> 2030 | AL65: 전년도
B66: =IF(OR($C$5="1세대1주택"),"1세대1주택","주택") -> 주택 | C66: =IF(OR($C$5="1세대1주택"),"1세대1주택","주택") -> 주택 | D66: =IF(OR($C$5="1세대1주택"),"1세대1주택","주택") -> 주택 | E66: =IF(OR($C$5="1세대1주택"),"1세대1주택","주택") -> 주택 | F66: =IF(OR($C$5="1세대1주택"),"1세대1주택","주택") -> 주택 | J66: =B66 -> 주택 | K66: =C66 -> 주택 | L66: =D66 -> 주택 | M66: =E66 -> 주택 | N66: =IF(OR($C$5="1세대1주택"),"1세대1주택","주택") -> 주택 | R66: =J66 -> 주택 | S66: =K66 -> 주택 | T66: =L66 -> 주택 | U66: =M66 -> 주택 | V66: =IF(OR($C$5="1세대1주택"),"1세대1주택","주택") -> 주택 | Z66: =R66 -> 주택 | AA66: =S66 -> 주택 | AB66: =T66 -> 주택 | AC66: =U66 -> 주택 | AD66: =IF(OR($C$5="1세대1주택"),"1세대1주택","주택") -> 주택 | AH66: =Z66 -> 주택 | AI66: =AA66 -> 주택 | AJ66: =AB66 -> 주택 | AK66: =AC66 -> 주택 | AL66: =IF(OR($C$5="1세대1주택"),"1세대1주택","주택") -> 주택
A67: 소유자2 | B67: =IF($C$6=B$9,"거주","") -> 거주 | C67: =IF($C$6=C$9,"거주","") | D67: =IF($C$6=D$9,"거주","") | E67: =IF($C$6=E$9,"거주","") | F67: =B67 -> 거주 | I67: 소유자2 | J67: =IF($C$6=J$9,"거주","") -> 거주 | K67: =IF($C$6=K$9,"거주","") | L67: =IF($C$6=L$9,"거주","") | M67: =IF($C$6=M$9,"거주","") | N67: =J67 -> 거주 | Q67: 소유자2 거주지 | R67: =IF($C$6=R$9,"거주","") -> 거주 | S67: =IF($C$6=S$9,"거주","") | T67: =IF($C$6=T$9,"거주","") | U67: =IF($C$6=U$9,"거주","") | V67: =R67 -> 거주 | Y67: 소유자2 거주지 | Z67: =IF($C$6=Z$9,"거주","") -> 거주 | AA67: =IF($C$6=AA$9,"거주","") | AB67: =IF($C$6=AB$9,"거주","") | AC67: =IF($C$6=AC$9,"거주","") | AD67: =Z67 -> 거주 | AG67: 소유자2 거주지 | AH67: =IF($C$6=AH$9,"거주","") -> 거주 | AI67: =IF($C$6=AI$9,"거주","") | AJ67: =IF($C$6=AJ$9,"거주","") | AK67: =IF($C$6=AK$9,"거주","") | AL67: =AH67 -> 거주
A68: 보유지분 | B68: =INDIRECT("기초!c"&(MATCH($C$2,기초!$B:$B,0)+9)) -> 0 | C68: =INDIRECT("기초!d"&(MATCH($C$2,기초!$B:$B,0)+9)) -> 0.5 | D68: =INDIRECT("기초!e"&(MATCH($C$2,기초!$B:$B,0)+9)) -> 0 | E68: =INDIRECT("기초!f"&(MATCH($C$2,기초!$B:$B,0)+9)) -> 0 | I68: 소유지분(%) | J68: =B68 -> 0 | K68: =C68 -> 0.5 | L68: =D68 -> 0 | M68: =E68 -> 0 | Q68: 소유지분(%) | R68: =J68 -> 0 | S68: =K68 -> 0.5 | T68: =L68 -> 0 | U68: =M68 -> 0 | Y68: 소유지분(%) | Z68: =R68 -> 0 | AA68: =S68 -> 0.5 | AB68: =T68 -> 0 | AC68: =U68 -> 0 | AG68: 소유지분(%) | AH68: =Z68 -> 0 | AI68: =AA68 -> 0.5 | AJ68: =AB68 -> 0 | AK68: =AC68 -> 0
A69: 보유기간 | B69: =INDIRECT("기초!c"&(MATCH($C$2,기초!$B:$B,0)+7)) -> 0 | C69: =INDIRECT("기초!d"&(MATCH($C$2,기초!$B:$B,0)+7)) -> 3 | D69: =INDIRECT("기초!e"&(MATCH($C$2,기초!$B:$B,0)+7)) -> 0 | E69: =INDIRECT("기초!e"&(MATCH($C$2,기초!$B:$B,0)+7)) -> 0 | F69: =IF(F66="1세대1주택",B69-1,) -> 0 | I69: 보유기간 | J69: =B69+1 -> 1 | K69: =C69+1 -> 4 | L69: =D69+1 -> 1 | M69: =E69+1 -> 1 | N69: =IF(N66="1세대1주택",J69-1,) -> 0 | R69: =J69+1 -> 2 | S69: =K69+1 -> 5 | T69: =L69+1 -> 2 | U69: =M69+1 -> 2 | V69: =IF(V66="1세대1주택",R69-1,) -> 0 | Z69: =R69+1 -> 3 | AA69: =S69+1 -> 6 | AB69: =T69+1 -> 3 | AC69: =U69+1 -> 3 | AD69: =IF(AD66="1세대1주택",Z69-1,) -> 0 | AH69: =Z69+1 -> 4 | AI69: =AA69+1 -> 7 | AJ69: =AB69+1 -> 4 | AK69: =AC69+1 -> 4 | AL69: =IF(AL66="1세대1주택",AH69-1,) -> 0
A70: 보유공제 | B70: =IF($B$66="1세대1주택",IF(B69>=15,50%,IF(B69>=10,40%,IF(B69>=5,20%,0)))) -> FALSE | C70: =IF($B$66="1세대1주택",IF(C69>=15,50%,IF(C69>=10,40%,IF(C69>=5,20%,0)))) -> FALSE | D70: =IF($B$66="1세대1주택",IF(D69>=15,50%,IF(D69>=10,40%,IF(D69>=5,20%,0)))) -> FALSE | E70: =IF($B$66="1세대1주택",IF(E69>=15,50%,IF(E69>=10,40%,IF(E69>=5,20%,0)))) -> FALSE | F70: =IF(F66="1세대1주택",IF(F69>=15,50%,IF(F69>=10,40%,IF(F69>=5,20%,0)))) -> FALSE | I70: 보유공제 | J70: =IF(J$66="1세대1주택",IF(J69>=15,25%,IF(J69>=10,20%,IF(J69>=5,10%,0)))) -> FALSE | K70: =IF(K$66="1세대1주택",IF(K69>=15,25%,IF(K69>=10,20%,IF(K69>=5,10%,0)))) -> FALSE | L70: =IF(L$66="1세대1주택",IF(L69>=15,25%,IF(L69>=10,20%,IF(L69>=5,10%,0)))) -> FALSE | M70: =IF(M$66="1세대1주택",IF(M69>=15,25%,IF(M69>=10,20%,IF(M69>=5,10%,0)))) -> FALSE | N70: =IF(N66="1세대1주택",IF(N69>=15,50%,IF(N69>=10,40%,IF(N69>=5,20%,0)))) -> FALSE | R70: =IF(R$66="1세대1주택",IF(R69>=15,25%,IF(R69>=10,20%,IF(R69>=5,10%,0)))) -> FALSE | S70: =IF(S$66="1세대1주택",IF(S69>=15,25%,IF(S69>=10,20%,IF(S69>=5,10%,0)))) -> FALSE | T70: =IF(T$66="1세대1주택",IF(T69>=15,25%,IF(T69>=10,20%,IF(T69>=5,10%,0)))) -> FALSE | U70: =IF(U$66="1세대1주택",IF(U69>=15,25%,IF(U69>=10,20%,IF(U69>=5,10%,0)))) -> FALSE | V70: =IF(V66="1세대1주택",IF(V69>=15,50%,IF(V69>=10,40%,IF(V69>=5,20%,0)))) -> FALSE | Z70: =IF(Z$66="1세대1주택",IF(Z69>=15,25%,IF(Z69>=10,20%,IF(Z69>=5,10%,0)))) -> FALSE | AA70: =IF(AA$66="1세대1주택",IF(AA69>=15,25%,IF(AA69>=10,20%,IF(AA69>=5,10%,0)))) -> FALSE | AB70: =IF(AB$66="1세대1주택",IF(AB69>=15,25%,IF(AB69>=10,20%,IF(AB69>=5,10%,0)))) -> FALSE | AC70: =IF(AC$66="1세대1주택",IF(AC69>=15,25%,IF(AC69>=10,20%,IF(AC69>=5,10%,0)))) -> FALSE | AD70: =IF(AD66="1세대1주택",IF(AD69>=15,50%,IF(AD69>=10,40%,IF(AD69>=5,20%,0)))) -> FALSE | AH70: =IF(AH$66="1세대1주택",IF(AH69>=15,25%,IF(AH69>=10,20%,IF(AH69>=5,10%,0)))) -> FALSE | AI70: =IF(AI$66="1세대1주택",IF(AI69>=15,25%,IF(AI69>=10,20%,IF(AI69>=5,10%,0)))) -> FALSE | AJ70: =IF(AJ$66="1세대1주택",IF(AJ69>=15,25%,IF(AJ69>=10,20%,IF(AJ69>=5,10%,0)))) -> FALSE | AK70: =IF(AK$66="1세대1주택",IF(AK69>=15,25%,IF(AK69>=10,20%,IF(AK69>=5,10%,0)))) -> FALSE | AL70: =IF(AL66="1세대1주택",IF(AL69>=15,50%,IF(AL69>=10,40%,IF(AL69>=5,20%,0)))) -> FALSE
A71: 주택수 | B71: =$C$3 -> 1 | I71: 주택수 | J71: =$C$3 -> 1 | Q71: 주택수 | R71: =$C$3 -> 1 | Y71: 주택수 | Z71: =$C$3 -> 1 | AG71: 주택수 | AH71: =$C$3 -> 1
A72: 적용세율 | B72: =IF(B71<=2,"기본세율","중과세율") -> 기본세율
I73: 거주기간 | J73: =INDIRECT("기초!c"&(MATCH($C$2,기초!$B:$B,0)+8)) -> 0 | K73: =INDIRECT("기초!D"&(MATCH($C$2,기초!$B:$B,0)+8)) -> 2 | L73: =INDIRECT("기초!E"&(MATCH($C$2,기초!$B:$B,0)+8)) -> 0 | M73: =INDIRECT("기초!F"&(MATCH($C$2,기초!$B:$B,0)+8)) -> 0 | Q73: 거주기간(연) | R73: =INDIRECT("기초!c"&(MATCH($C$2,기초!$B:$B,0)+8)) -> 0 | S73: =INDIRECT("기초!D"&(MATCH($C$2,기초!$B:$B,0)+8)) -> 2 | T73: =INDIRECT("기초!E"&(MATCH($C$2,기초!$B:$B,0)+8)) -> 0 | U73: =INDIRECT("기초!F"&(MATCH($C$2,기초!$B:$B,0)+8)) -> 0 | Y73: 거주기간(연) | Z73: =INDIRECT("기초!c"&(MATCH($C$2,기초!$B:$B,0)+8)) -> 0 | AA73: =INDIRECT("기초!D"&(MATCH($C$2,기초!$B:$B,0)+8)) -> 2 | AB73: =INDIRECT("기초!E"&(MATCH($C$2,기초!$B:$B,0)+8)) -> 0 | AC73: =INDIRECT("기초!F"&(MATCH($C$2,기초!$B:$B,0)+8)) -> 0 | AG73: 거주기간(연) | AH73: =INDIRECT("기초!c"&(MATCH($C$2,기초!$B:$B,0)+8)) -> 0 | AI73: =INDIRECT("기초!D"&(MATCH($C$2,기초!$B:$B,0)+8)) -> 2 | AJ73: =INDIRECT("기초!E"&(MATCH($C$2,기초!$B:$B,0)+8)) -> 0 | AK73: =INDIRECT("기초!F"&(MATCH($C$2,기초!$B:$B,0)+8)) -> 0
I74: 거주공제(%) | J74: =IF(AND(J66="1세대1주택",COUNTIF($J$34:$J$34,"거주")=1),IF(J73>=15,50%,IF(J73>=10,40%,IF(J73>=5,20%,0)))) -> FALSE | K74: =IF(AND(K66="1세대1주택",COUNTIF($J$34:$J$34,"거주")=1),IF(K73>=15,50%,IF(K73>=10,40%,IF(K73>=5,20%,0)))) -> FALSE | L74: =IF(AND(L66="1세대1주택",COUNTIF($J$34:$J$34,"거주")=1),IF(L73>=15,50%,IF(L73>=10,40%,IF(L73>=5,20%,0)))) -> FALSE | M74: =IF(AND(M66="1세대1주택",COUNTIF($J$34:$J$34,"거주")=1),IF(M73>=15,50%,IF(M73>=10,40%,IF(M73>=5,20%,0)))) -> FALSE | Q74: 거주공제(%) | R74: =IF(AND(R66="1세대1주택",COUNTIF($J$34:$J$34,"거주")=1),IF(R73>=15,50%,IF(R73>=10,40%,IF(R73>=5,20%,0)))) -> FALSE | S74: =IF(AND(S66="1세대1주택",COUNTIF($J$34:$J$34,"거주")=1),IF(S73>=15,50%,IF(S73>=10,40%,IF(S73>=5,20%,0)))) -> FALSE | T74: =IF(AND(T66="1세대1주택",COUNTIF($J$34:$J$34,"거주")=1),IF(T73>=15,50%,IF(T73>=10,40%,IF(T73>=5,20%,0)))) -> FALSE | U74: =IF(AND(U66="1세대1주택",COUNTIF($J$34:$J$34,"거주")=1),IF(U73>=15,50%,IF(U73>=10,40%,IF(U73>=5,20%,0)))) -> FALSE | Y74: 거주공제(%) | Z74: =IF(AND(Z66="1세대1주택",COUNTIF($J$34:$J$34,"거주")=1),IF(Z73>=15,50%,IF(Z73>=10,40%,IF(Z73>=5,20%,0)))) -> FALSE | AA74: =IF(AND(AA66="1세대1주택",COUNTIF($J$34:$J$34,"거주")=1),IF(AA73>=15,50%,IF(AA73>=10,40%,IF(AA73>=5,20%,0)))) -> FALSE | AB74: =IF(AND(AB66="1세대1주택",COUNTIF($J$34:$J$34,"거주")=1),IF(AB73>=15,50%,IF(AB73>=10,40%,IF(AB73>=5,20%,0)))) -> FALSE | AC74: =IF(AND(AC66="1세대1주택",COUNTIF($J$34:$J$34,"거주")=1),IF(AC73>=15,50%,IF(AC73>=10,40%,IF(AC73>=5,20%,0)))) -> FALSE | AG74: 거주공제(%) | AH74: =IF(AND(AH66="1세대1주택",COUNTIF($J$34:$J$34,"거주")=1),IF(AH73>=15,50%,IF(AH73>=10,40%,IF(AH73>=5,20%,0)))) -> FALSE | AI74: =IF(AND(AI66="1세대1주택",COUNTIF($J$34:$J$34,"거주")=1),IF(AI73>=15,50%,IF(AI73>=10,40%,IF(AI73>=5,20%,0)))) -> FALSE | AJ74: =IF(AND(AJ66="1세대1주택",COUNTIF($J$34:$J$34,"거주")=1),IF(AJ73>=15,50%,IF(AJ73>=10,40%,IF(AJ73>=5,20%,0)))) -> FALSE | AK74: =IF(AND(AK66="1세대1주택",COUNTIF($J$34:$J$34,"거주")=1),IF(AK73>=15,50%,IF(AK73>=10,40%,IF(AK73>=5,20%,0)))) -> FALSE
A75: 연령 | B75: =INDIRECT("기초!b"&(MATCH($C$2,기초!$B:$B,0))+2) -> 39 | F75: =B75-1 -> 38 | I75: 연령 | J75: =B75+1 -> 40 | N75: =J75-1 -> 39 | Q75: 연령(세) | R75: =J75+1 -> 41 | V75: =R75-1 -> 40 | Y75: 연령(세) | Z75: =R75+1 -> 42 | AD75: =Z75-1 -> 41 | AG75: 연령(세) | AH75: =Z75+1 -> 43 | AL75: =AH75-1 -> 42
A76: 연령공제 | B76: =IF(B$10="1세대1주택",IF(B75>=70,40%,IF(B75>=65,30%,IF(B75>=60,20%,0)))) -> FALSE | F76: =IF(F66="1세대1주택",IF(F75>=70,40%,IF(F75>=65,30%,IF(F75>=60,20%,0)))) -> FALSE | I76: 연령공제 | J76: =IF(J66="1세대1주택",IF(J75>=70,40%,IF(J75>=65,30%,IF(J75>=60,20%,0)))) -> FALSE | N76: =IF(N66="1세대1주택",IF(N75>=70,40%,IF(N75>=65,30%,IF(N75>=60,20%,0)))) -> FALSE | Q76: 연령공제(%) | R76: =IF(R66="1세대1주택",IF(R75>=70,40%,IF(R75>=65,30%,IF(R75>=60,20%,0)))) -> FALSE | V76: =IF(V66="1세대1주택",IF(V75>=70,40%,IF(V75>=65,30%,IF(V75>=60,20%,0)))) -> FALSE | Y76: 연령공제(%) | Z76: =IF(Z66="1세대1주택",IF(Z75>=70,40%,IF(Z75>=65,30%,IF(Z75>=60,20%,0)))) -> FALSE | AD76: =IF(AD66="1세대1주택",IF(AD75>=70,40%,IF(AD75>=65,30%,IF(AD75>=60,20%,0)))) -> FALSE | AG76: 연령공제(%) | AH76: =IF(AH66="1세대1주택",IF(AH75>=70,40%,IF(AH75>=65,30%,IF(AH75>=60,20%,0)))) -> FALSE | AL76: =IF(AL66="1세대1주택",IF(AL75>=70,40%,IF(AL75>=65,30%,IF(AL75>=60,20%,0)))) -> FALSE
A77: 세액공제율 | B77: =IF(B66="1세대1주택",MIN(80%,SUM(B76,B70)),0) -> 0 | F77: =IF(F66="1세대1주택",MIN(80%,SUM(F76,F70)),0) -> 0 | I77: 세액공제율 | J77: =IF(J66="1세대1주택",MIN(80%,J$43+MAX(J$41,J$37)),0) -> 0 | N77: =IF(N66="1세대1주택",MIN(80%,SUM(N76,N70)),0) -> 0 | Q77: 세액공제율 | R77: =IF(R66="1세대1주택",MIN(80%,R$43+MAX(R$41,R$37)),0) -> 0 | V77: =IF(V66="1세대1주택",MIN(80%,SUM(V76,V70)),0) -> 0 | Y77: 세액공제율 | Z77: =IF(Z66="1세대1주택",MIN(80%,Z$43+MAX(Z$41,Z$37)),0) -> 0 | AD77: =IF(AD66="1세대1주택",MIN(80%,SUM(AD76,AD70)),0) -> 0 | AG77: 세액공제율 | AH77: =IF(AH66="1세대1주택",MIN(80%,AH$43+MAX(AH$41,AH$37)),0) -> 0 | AL77: =IF(AL66="1세대1주택",MIN(80%,SUM(AL76,AL70)),0) -> 0
A79: =B65 -> 2026 | F79: =B72 -> 기본세율 | I79: =A79+1 -> 2027 | J79: 거주용1주택 | K79: 비거주1주택 | L79: 3주택 | N79: =B72 -> 기본세율 | Q79: =I79+1 -> 2028 | R79: 거주용1주택 | S79: 비거주1주택 | T79: 3주택 | V79: =$C$4 -> 3주택 | Y79: =Q79+1 -> 2029 | Z79: 거주용1주택 | AA79: 비거주1주택 | AB79: 3주택 | AD79: =$C$4 -> 3주택 | AG79: =Y79+1 -> 2030 | AH79: 거주용1주택 | AI79: 비거주1주택 | AJ79: 3주택 | AL79: =$C$4 -> 3주택
A80: 주택공시가격 | B80: =SUMPRODUCT($B$11:$E$11,$B$68:$E$68) -> 575000000 | F80: =SUMPRODUCT(B23:E23,B68:E68) -> 400000000 | I80: 주택공시가격 | J80: =SUMPRODUCT($J$11:$M$11,$J$68:$M$68) -> 661250000 | K80: =SUMPRODUCT($J$11:$M$11,$J$68:$M$68) -> 661250000 | L80: =SUMPRODUCT($J$11:$M$11,$J$68:$M$68) -> 661250000 | N80: =SUMPRODUCT(J23:M23,J68:M68) -> 575000000 | Q80: 주택공시가격 | R80: =SUMPRODUCT($R$11:$U$11,$R$68:$U$68) -> 661250000 | S80: =SUMPRODUCT($R$11:$U$11,$R$68:$U$68) -> 661250000 | T80: =SUMPRODUCT(P23:S23,P68:S68) -> 661250000 | V80: =SUMPRODUCT(R23:U23,R68:U68) -> 661250000 | Y80: 주택공시가격 | Z80: =SUMPRODUCT($Z$11:$AC$11,$Z$68:$AC$68) -> 760437500 | AA80: =SUMPRODUCT($Z$11:$AC$11,$Z$68:$AC$68) -> 760437500 | AB80: =SUMPRODUCT($Z$11:$AC$11,$Z$68:$AC$68) -> 760437500 | AD80: =SUMPRODUCT(Z23:AC23,Z68:AC68) -> 661250000 | AG80: 주택공시가격 | AH80: =SUMPRODUCT($AH$11:$AK$11,$AH$68:$AK$68) -> 768041875 | AI80: =SUMPRODUCT($AH$11:$AK$11,$AH$68:$AK$68) -> 768041875 | AJ80: =SUMPRODUCT($AH$11:$AK$11,$AH$68:$AK$68) -> 768041875 | AL80: =SUMPRODUCT(AH23:AK23,AH68:AK68) -> 760437500
A81: 공제금액 | B81: =IF(B66="1세대1주택",12*10^8,9*10^8) -> 900000000 | F81: =IF(F66="1세대1주택",1200000000,900000000) -> 900000000 | I81: 공제금액 | J81: 1400000000 | K81: =4*10^8 +500000000 *OFFSET(I11,0,MATCH("거주",J67:M67,0))*OFFSET(I68,0,MATCH("거주",J67:M67,0)) /K80 -> 400000000 | L81: =4*10^8 +500000000 *OFFSET(I11,0,MATCH("거주",J67:M67,0))*OFFSET(I68,0,MATCH("거주",J67:M67,0)) /L80 -> 400000000 | N81: =IF(N66="1세대1주택",1200000000,900000000) -> 900000000 | Q81: 공제금액 | R81: 1400000000 | S81: =4*10^8 +500000000 *OFFSET(Q11,0,MATCH("거주",R67:U67,0))*OFFSET(Q68,0,MATCH("거주",R67:U67,0)) /S80 -> 400000000 | T81: =4*10^8 +500000000 *OFFSET(Q11,0,MATCH("거주",R67:U67,0))*OFFSET(Q68,0,MATCH("거주",R67:U67,0)) /T80 -> 400000000 | V81: =4*10^8 +500000000 *OFFSET(I11,0,MATCH("거주",J67:M67,0))*OFFSET(I68,0,MATCH("거주",J67:M67,0)) /V80 -> 400000000 | Y81: 공제금액 | Z81: 1400000000 | AA81: =4*10^8 +500000000 *OFFSET(Y11,0,MATCH("거주",Z67:AC67,0))*OFFSET(Y68,0,MATCH("거주",Z67:AC67,0)) /AA80 -> 400000000 | AB81: =4*10^8 +500000000 *OFFSET(Y11,0,MATCH("거주",Z67:AC67,0))*OFFSET(Y68,0,MATCH("거주",Z67:AC67,0)) /AB80 -> 400000000 | AD81: =4*10^8 +500000000 *OFFSET(Q11,0,MATCH("거주",R67:U67,0))*OFFSET(Q68,0,MATCH("거주",R67:U67,0)) /AD80 -> 400000000 | AG81: 공제금액 | AH81: 1400000000 | AI81: 900000000 | AJ81: =4*10^8 +500000000 *OFFSET(AG11,0,MATCH("거주",AH67:AK67,0))*OFFSET(AG68,0,MATCH("거주",AH67:AK67,0)) /AJ80 -> 400000000 | AL81: =4*10^8 +500000000 *OFFSET(Y11,0,MATCH("거주",Z67:AC67,0))*OFFSET(Y68,0,MATCH("거주",Z67:AC67,0)) /AL80 -> 400000000
A82: 공제초과금액 | B82: =IF(B80>B81,B80-B81,0) -> 0 | F82: =F80-F81 -> -500000000 | I82: 공제초과금액 | J82: =IF(J80>J81,J80-J81,0) -> 0 | K82: =IF(K80>K81,K80-K81,0) -> 261250000 | L82: =IF(L80>L81,L80-L81,0) -> 261250000 | N82: =N80-N81 -> -325000000 | Q82: 공제초과금액 | R82: =IF(R80>R81,R80-R81,0) -> 0 | S82: =IF(S80>S81,S80-S81,0) -> 261250000 | T82: =IF(T80>T81,T80-T81,0) -> 261250000 | V82: =V80-V81 -> 261250000 | Y82: 공제초과금액 | Z82: =IF(Z80>Z81,Z80-Z81,0) -> 0 | AA82: =IF(AA80>AA81,AA80-AA81,0) -> 360437500 | AB82: =IF(AB80>AB81,AB80-AB81,0) -> 360437500 | AD82: =AD80-AD81 -> 261250000 | AG82: 공제초과금액 | AH82: =IF(AH80>AH81,AH80-AH81,0) -> 0 | AI82: =IF(AI80>AI81,AI80-AI81,0) -> 0 | AJ82: =IF(AJ80>AJ81,AJ80-AJ81,0) -> 368041875 | AL82: =AL80-AL81 -> 360437500
A83: 공정시장가액비율 | B83: 0.6 | F83: 0.6 | I83: 공정시장가액비율 | J83: 0.7 | K83: 0.7 | L83: 0.7 | N83: 0.6 | Q83: 공정시장가액비율 | R83: 0.7 | S83: 0.7 | T83: 0.8 | V83: =OFFSET(I83,0,MATCH(V79,J79:L79,0)) -> 0.7 | Y83: 공정시장가액비율 | Z83: 0.7 | AA83: 0.7 | AB83: 0.8 | AD83: =OFFSET(Q83,0,MATCH(AD79,R79:T79,0)) -> 0.8 | AG83: 공정시장가액비율 | AH83: 0.7 | AI83: 0.7 | AJ83: 0.8 | AL83: =OFFSET(Y83,0,MATCH(AL79,Z79:AB79,0)) -> 0.8
A84: 과세표준 | B84: =B82*B83 -> 0 | F84: =F82*F83 -> -300000000 | I84: 과세표준 | J84: =IF(J82>0,J82*J83,0) -> 0 | K84: =IF(K82>0,K82*K83,0) -> 182875000 | L84: =IF(L82>0,L82*L83,0) -> 182875000 | N84: =N82*N83 -> -195000000 | Q84: 과세표준 | R84: =IF(R82>0,R82*R83,0) -> 0 | S84: =IF(S82>0,S82*S83,0) -> 182875000 | T84: =IF(T82>0,T82*T83,0) -> 209000000 | V84: =V82*V83 -> 182875000 | Y84: 과세표준 | Z84: =IF(Z82>0,Z82*Z83,0) -> 0 | AA84: =IF(AA82>0,AA82*AA83,0) -> 2.5230625e+08 | AB84: =IF(AB82>0,AB82*AB83,0) -> 288350000 | AD84: =AD82*AD83 -> 209000000 | AG84: 과세표준 | AH84: =IF(AH82>0,AH82*AH83,0) -> 0 | AI84: =IF(AI82>0,AI82*AI83,0) -> 0 | AJ84: =IF(AJ82>0,AJ82*AJ83,0) -> 294433500 | AL84: =AL82*AL83 -> 288350000
A85: 세율 | B85: {=IF(B72="기본세율", INDEX(t!$M$3:$M$9,MATCH(TRUE,B84<=t!$L$3:$L$9,0)), INDEX(t!$O$3:$O$9,MATCH(TRUE,B84<=t!$L$3:$L$9,0)))} -> 0.005 | F85: {=IF(F79="기본세율", INDEX(t!$M$3:$M$9,MATCH(TRUE,F84<=t!$L$3:$L$9,0)), INDEX(t!$O$3:$O$9,MATCH(TRUE,F84<=t!$L$3:$L$9,0)))} -> 0.005 | I85: 세율 | J85: {=INDEX(t!$M$13:$M$19,MATCH(TRUE,J84<=t!$L$13:$L$19,0))} -> 0.005 | K85: {=INDEX(t!$M$13:$M$19,MATCH(TRUE,K84<=t!$L$13:$L$19,0))} -> 0.005 | L85: {=INDEX(t!$O$13:$O$19,MATCH(TRUE,L84<=t!$L$13:$L$19,0))} -> 0.005 | N85: {=IF(N79="기본세율", INDEX(t!$M$3:$M$9,MATCH(TRUE,N84<=t!$L$3:$L$9,0)), INDEX(t!$O$3:$O$9,MATCH(TRUE,N84<=t!$L$3:$L$9,0)))} -> 0.005 | Q85: 세율 | R85: {=INDEX(t!$M$23:$M$29,MATCH(TRUE,R84<=t!$L$23:$L$29,0))} -> 0.005 | S85: {=INDEX(t!$M$23:$M$29,MATCH(TRUE,S84<=t!$L$23:$L$29,0))} -> 0.005 | T85: {=INDEX(t!$M$23:$M$29,MATCH(TRUE,T84<=t!$L$23:$L$29,0))} -> 0.005 | V85: {=INDEX(t!$O$13:$O$19,MATCH(TRUE,V84<=t!$L$13:$L$19,0))} -> 0.005 | Y85: 세율 | Z85: {=INDEX(t!$M$23:$M$29,MATCH(TRUE,Z84<=t!$L$23:$L$29,0))} -> 0.005 | AA85: {=INDEX(t!$M$23:$M$29,MATCH(TRUE,AA84<=t!$L$23:$L$29,0))} -> 0.005 | AB85: {=INDEX(t!$M$23:$M$29,MATCH(TRUE,AB84<=t!$L$23:$L$29,0))} -> 0.005 | AD85: {=INDEX(t!$M$23:$M$29,MATCH(TRUE,AD84<=t!$L$23:$L$29,0))} -> 0.005 | AG85: 세율 | AH85: {=INDEX(t!$M$23:$M$29,MATCH(TRUE,AH84<=t!$L$23:$L$29,0))} -> 0.005 | AI85: {=INDEX(t!$M$23:$M$29,MATCH(TRUE,AI84<=t!$L$23:$L$29,0))} -> 0.005 | AJ85: {=INDEX(t!$M$23:$M$29,MATCH(TRUE,AJ84<=t!$L$23:$L$29,0))} -> 0.005 | AL85: {=INDEX(t!$M$23:$M$29,MATCH(TRUE,AL84<=t!$L$23:$L$29,0))} -> 0.005
A86: 종합부동산세액 | B86: =B84*B85-VLOOKUP(B85,IF(B72="기본세율",t!$M$2:$N$9,t!$O$2:$P$9),2,0) -> 0 | F86: =F84*F85-VLOOKUP(F85,IF(F79="기본세율",t!$M$2:$N$9,t!$O$2:$P$9),2,0) -> -1500000 | I86: 종합부동산세액 | J86: =J84*J85-VLOOKUP(J85,t!$M$13:$N$19,2,0) -> 0 | K86: =K84*K85-VLOOKUP(K85,t!$M$13:$N$19,2,0) -> 914375 | L86: =L84*L85-VLOOKUP(L85,t!$O$13:$P$19,2,0) -> 914375 | N86: =N84*N85-VLOOKUP(N85,IF(N79="기본세율",t!$M$2:$N$9,t!$O$2:$P$9),2,0) -> -975000 | Q86: 종합부동산세액 | R86: =R84*R85-VLOOKUP(R85,t!$M$22:$N$29,2,0) -> 0 | S86: =S84*S85-VLOOKUP(S85,t!$M$22:$N$29,2,0) -> 914375 | T86: =T84*T85-VLOOKUP(T85,t!$M$22:$N$29,2,0) -> 1045000 | V86: =V84*V85-VLOOKUP(V85,t!$O$13:$P$19,2,0) -> 914375 | Y86: 종합부동산세액 | Z86: =Z84*Z85-VLOOKUP(Z85,t!$M$22:$N$29,2,0) -> 0 | AA86: =AA84*AA85-VLOOKUP(AA85,t!$M$22:$N$29,2,0) -> 1261531.2 | AB86: =AB84*AB85-VLOOKUP(AB85,t!$M$22:$N$29,2,0) -> 1441750 | AD86: =AD84*AD85-VLOOKUP(AD85,t!$M$22:$N$29,2,0) -> 1045000 | AG86: 종합부동산세액 | AH86: =AH84*AH85-VLOOKUP(AH85,t!$M$22:$N$29,2,0) -> 0 | AI86: =AI84*AI85-VLOOKUP(AI85,t!$M$22:$N$29,2,0) -> 0 | AJ86: =AJ84*AJ85-VLOOKUP(AJ85,t!$M$22:$N$29,2,0) -> 1472167.5 | AL86: =AL84*AL85-VLOOKUP(AL85,t!$M$22:$N$29,2,0) -> 1441750
A87: 공제할재산세액 | B87: =SUMPRODUCT($B$16:$E$16,B68:E68) *(B84*60%*0.4%) /(B80*0.6*0.4%-630000) -> 0 | F87: =G26 *(F84*60%*0.4%) /(F80*0.6*0.4%-630000) -> -1407272.7 | I87: 공제할재산세액 | J87: =SUMPRODUCT($J$16:$M$16,$J$68:$M$68) *(J84*60%*0.4%) /(J80*0.6*0.4%-630000) -> 0 | K87: =SUMPRODUCT($J$16:$M$16,$J$68:$M$68) *(K84*60%*0.4%) /(K80*0.6*0.4%-630000) -> 524822.59 | L87: =SUMPRODUCT($J$16:$M$16,$J$68:$M$68) *(L84*60%*0.4%) /(L80*0.6*0.4%-630000) -> 524822.59 | N87: =O26 *(N84*60%*0.4%) /(N80*0.6*0.4%-630000) -> -664560 | Q87: 공제할재산세액 | R87: =SUMPRODUCT($R$16:$U$16,$R$68:$U$68) *(R84*60%*0.4%) /(R80*0.6*0.4%-630000) -> 0 | S87: =SUMPRODUCT($R$16:$U$16,$R$68:$U$68) *(S84*60%*0.4%) /(S80*0.6*0.4%-630000) -> 583365.52 | T87: =SUMPRODUCT($R$16:$U$16,$R$68:$U$68) *(T84*60%*0.4%) /(T80*0.6*0.4%-630000) -> 666703.45 | V87: =W26 *(V84*60%*0.4%) /(V80*0.6*0.4%-630000) -> 583365.52 | Y87: 공제할재산세액 | Z87: =SUMPRODUCT($Z$16:$AC$16,$Z$68:$AC$68) *(Z84*60%*0.4%) /(Z80*0.6*0.4%-630000) -> 0 | AA87: =SUMPRODUCT($Z$16:$AC$16,$Z$68:$AC$68) *(AA84*60%*0.4%) /(AA80*0.6*0.4%-630000) -> 690763.65 | AB87: =SUMPRODUCT($Z$16:$AC$16,$Z$68:$AC$68) *(AB84*60%*0.4%) /(AB80*0.6*0.4%-630000) -> 789444.17 | AD87: =AE26 *(AD84*60%*0.4%) /(AD80*0.6*0.4%-630000) -> 666703.45 | AG87: 공제할재산세액 | AH87: =SUMPRODUCT($AH$16:$AK$16,$AH$68:$AK$68) *(AH84*60%*0.4%) /(AH80*0.6*0.4%-630000) -> 0 | AI87: =SUMPRODUCT($AH$16:$AK$16,$AH$68:$AK$68) *(AI84*60%*0.4%) /(AI80*0.6*0.4%-630000) -> 0 | AJ87: =SUMPRODUCT($AH$16:$AK$16,$AH$68:$AK$68) *(AJ84*60%*0.4%) /(AJ80*0.6*0.4%-630000) -> 890100.08 | AL87: =AM26 *(AL84*60%*0.4%) /(AL80*0.6*0.4%-630000) -> 874452.95
A88: 산출세액 | B88: =B86-B87 -> 0 | F88: =F86-F87 -> -92727.273 | I88: 산출세액 | J88: =IF(J86-J87<0,0,J86-J87) -> 0 | K88: =IF(K86-K87<0,0,K86-K87) -> 389552.41 | L88: =IF(L86-L87<0,0,L86-L87) -> 389552.41 | N88: =N86-N87 -> -310440 | Q88: 산출세액 | R88: =IF(R86-R87<0,0,R86-R87) -> 0 | S88: =IF(S86-S87<0,0,S86-S87) -> 331009.48 | T88: =IF(T86-T87<0,0,T86-T87) -> 378296.55 | V88: =V86-V87 -> 331009.48 | Y88: 산출세액 | Z88: =IF(Z86-Z87<0,0,Z86-Z87) -> 0 | AA88: =IF(AA86-AA87<0,0,AA86-AA87) -> 570767.6 | AB88: =IF(AB86-AB87<0,0,AB86-AB87) -> 652305.83 | AD88: =AD86-AD87 -> 378296.55 | AG88: 산출세액 | AH88: =IF(AH86-AH87<0,0,AH86-AH87) -> 0 | AI88: =IF(AI86-AI87<0,0,AI86-AI87) -> 0 | AJ88: =IF(AJ86-AJ87<0,0,AJ86-AJ87) -> 582067.42 | AL88: =AL86-AL87 -> 567297.05
A89: 세액공제 | B89: =B88*B77 -> 0 | F89: =F88*F77 -> 0 | I89: 세액공제 | J89: =MIN(8000000,J88*J77) -> 0 | K89: =MIN(8000000,K88*K77) -> 0 | L89: =MIN(8000000,L88*L77) -> 0 | N89: =N88*N77 -> 0 | Q89: 세액공제 | R89: =MIN(6000000,R88*R77) -> 0 | S89: =MIN(6000000,S88*S77) -> 0 | T89: =MIN(6000000,T88*T77) -> 0 | V89: =MIN(6000000,V88*V77) -> 0 | Y89: 세액공제 | Z89: =MIN(8000000,Z88*Z77) -> 0 | AA89: =MIN(8000000,AA88*AA77) -> 0 | AB89: =MIN(8000000,AB88*AB77) -> 0 | AD89: =AD88*AD77 -> 0 | AG89: 세액공제 | AH89: =MIN(8000000,AH88*AH77) -> 0 | AI89: =MIN(8000000,AI88*AI77) -> 0 | AJ89: =MIN(8000000,AJ88*AJ77) -> 0 | AL89: =AL88*AL77 -> 0
A90: 세액공제 후 종부세액 | B90: =B88-B89 -> 0 | F90: =F88-F89 -> -92727.273 | I90: 세액공제 후 종부세액 | J90: =J88-J89 -> 0 | K90: =K88-K89 -> 389552.41 | L90: =L88-L89 -> 389552.41 | N90: =N88-N89 -> -310440 | Q90: 세액공제 후 종부세액 | R90: =R88-R89 -> 0 | S90: =S88-S89 -> 331009.48 | T90: =T88-T89 -> 378296.55 | V90: =V88-V89 -> 331009.48 | Y90: 세액공제 후 종부세액 | Z90: =Z88-Z89 -> 0 | AA90: =AA88-AA89 -> 570767.6 | AB90: =AB88-AB89 -> 652305.83 | AD90: =AD88-AD89 -> 378296.55 | AG90: 세액공제 후 종부세액 | AH90: =AH88-AH89 -> 0 | AI90: =AI88-AI89 -> 0 | AJ90: =AJ88-AJ89 -> 582067.42 | AL90: =AL88-AL89 -> 567297.05
A91: 세부담상한초과세액 | B91: =MAX(SUMPRODUCT(B16:E16,B68:E68)+B90-$G$28,0) -> 0 | I91: 세부담상한초과세액 | J91: =MAX(SUMPRODUCT($J$16:$M$16,$J$68:$M$68)+J90-$O$28,0) -> 0 | K91: =MAX(SUMPRODUCT($J$16:$M$16,$J$68:$M$68)+K90-$O$28,0) -> 24782.414 | L91: =MAX(SUMPRODUCT($J$16:$M$16,$J$68:$M$68)+L90-$O$28,0) -> 24782.414 | Q91: 세부담상한초과세액 | R91: =MAX(SUMPRODUCT($R$16:$U$16,$R$68:$U$68)+R90-$W$28,0) -> 0 | S91: =MAX(SUMPRODUCT($R$16:$U$16,$R$68:$U$68)+S90-$W$28,0) -> 0 | T91: =MAX(SUMPRODUCT($R$16:$U$16,$R$68:$U$68)+T90-$W$28,0) -> 0 | Y91: 세부담상한초과세액 | Z91: =MAX(SUMPRODUCT($Z$16:$AC$16,$Z$68:$AC$68)+Z90-$AE$28,0) -> 0 | AA91: =MAX(SUMPRODUCT($Z$16:$AC$16,$Z$68:$AC$68)+AA90-$AE$28,0) -> 0 | AB91: =MAX(SUMPRODUCT($Z$16:$AC$16,$Z$68:$AC$68)+AB90-$AE$28,0) -> 0 | AG91: 세부담상한초과세액 | AH91: =MAX(SUMPRODUCT($AH$16:$AK$16,$AH$68:$AK$68)+AH90-$AM$28,0) -> 0 | AI91: =MAX(SUMPRODUCT($AH$16:$AK$16,$AH$68:$AK$68)+AI90-$AM$28,0) -> 0 | AJ91: =MAX(SUMPRODUCT($AH$16:$AK$16,$AH$68:$AK$68)+AJ90-$AM$28,0) -> 0
A92: 종합부동산세 | B92: =B90-B91 -> 0 | I92: 종합부동산세 | J92: =J90-J91 -> 0 | K92: =K90-K91 -> 364770 | L92: =L90-L91 -> 364770 | Q92: 종합부동산세 | R92: =R90-R91 -> 0 | S92: =S90-S91 -> 331009.48 | T92: =T90-T91 -> 378296.55 | Y92: 종합부동산세 | Z92: =Z90-Z91 -> 0 | AA92: =AA90-AA91 -> 570767.6 | AB92: =AB90-AB91 -> 652305.83 | AG92: 종합부동산세 | AH92: =AH90-AH91 -> 0 | AI92: =AI90-AI91 -> 0 | AJ92: =AJ90-AJ91 -> 582067.42
A93: 농어촌 | B93: =B92*0.2 -> 0 | I93: 농어촌 | J93: =J92*0.2 -> 0 | K93: =K92*0.2 -> 72954 | L93: =L92*0.2 -> 72954 | Q93: 농어촌 | R93: =R92*0.2 -> 0 | S93: =S92*0.2 -> 66201.897 | T93: =T92*0.2 -> 75659.31 | Y93: 농어촌 | Z93: =Z92*0.2 -> 0 | AA93: =AA92*0.2 -> 114153.52 | AB93: =AB92*0.2 -> 130461.17 | AG93: 농어촌 | AH93: =AH92*0.2 -> 0 | AI93: =AI92*0.2 -> 0 | AJ93: =AJ92*0.2 -> 116413.48
A94: 종부세납부액 | B94: =SUM(B92:B93) -> 0 | I94: 종부세납부액 | J94: =SUM(J92:J93) -> 0 | K94: =SUM(K92:K93) -> 437724 | L94: =SUM(L92:L93) -> 437724 | Q94: 종부세납부액 | R94: =SUM(R92:R93) -> 0 | S94: =SUM(S92:S93) -> 397211.38 | T94: =SUM(T92:T93) -> 453955.86 | Y94: 종부세납부액 | Z94: =SUM(Z92:Z93) -> 0 | AA94: =SUM(AA92:AA93) -> 684921.12 | AB94: =SUM(AB92:AB93) -> 782766.99 | AG94: 종부세납부액 | AH94: =SUM(AH92:AH93) -> 0 | AI94: =SUM(AI92:AI93) -> 0 | AJ94: =SUM(AJ92:AJ93) -> 698480.9

Sheet 단독보유(부부특례)
B1: 소유자1
A2: 소유자 | B2: =기초!$B$1 -> 홍길동
A3: 주택수 | B3: 4 | E3: 2026 | M3: =E3+1 -> 2027 | U3: =M3+1 -> 2028 | AC3: =U3+1 -> 2029 | AK3: =AC3+1 -> 2030
A4: 개정세법 분류 | B4: =IF(AND(B5="1세대1주택",LEFT(B6,2)="주택"),"거주용1주택",IF(AND(B5="1세대1주택",B6="비거주"),"비거주1주택",IF(AND(B3<=2,B7<>"조정대상지역"),"비거주1주택","3주택"))) -> 3주택 | E4: 재산세납부액 | F4: =SUM(B20:G20) -> 24722550 | M4: 재산세납부액 | N4: =SUM(J20:O20) -> 31102582 | U4: 재산세납부액 | V4: =SUM(R20:W20) -> 34087650 | AC4: 재산세납부액 | AD4: =SUM(Z20:AE20) -> 36221570 | AK4: 재산세납부액 | AL4: =SUM(AH20:AM20) -> 41478376
A5: 1세대1주택 여부 | B5: 해당없음 | E5: 종부세납부액 | F5: =B61 -> 98761830 | M5: 종부세납부액 | N5: =HLOOKUP($B$4,$J$46:$L$61,16,0) -> 1.7295513e+08 | U5: 종부세납부액 | V5: =HLOOKUP($B$4,$R$46:$T$61,16,0) -> 2.1102175e+08 | AC5: 종부세납부액 | AD5: =HLOOKUP($B$4,$Z$46:$AB$61,16,0) -> 2.6338335e+08 | AK5: 종부세납부액 | AL5: =HLOOKUP($B$4,$AH$46:$AJ$61,16,0) -> 2.8658306e+08
A6: 거주주택 | B6: 주택1 | E6: 소계 | F6: =F4+F5 -> 1.2348438e+08 | M6: 보유세 합계 | N6: =N4+N5 -> 2.0405771e+08 | U6: 보유세 합계 | V6: =V4+V5 -> 2.451094e+08 | AC6: 보유세 합계 | AD6: =AD4+AD5 -> 2.9960492e+08 | AK6: 보유세 합계 | AL6: =AL4+AL5 -> 3.2806144e+08
A7: 지역 | B7: =HLOOKUP(B$6,기초!$C$5:$I$16,MATCH($A7,기초!$A$5:$A$16,0),0) -> 조정대상지역
I8: 예상증가율(%) | J8: 0.15 | K8: 0.15 | L8: 0.15 | M8: 0.15 | O8: 0 | Q8: 예상증가율(%) | R8: 0 | S8: 0 | T8: 0 | U8: 0 | W8: 0 | Y8: 예상증가율(%) | Z8: 0.15 | AA8: 0.15 | AB8: 0.15 | AC8: 0.15 | AE8: 0.15 | AG8: 예상증가율(%) | AH8: 0.1 | AI8: 0.01 | AJ8: 0.03 | AK8: 0.05 | AM8: 0.15
A9: 2026 | B9: 주택1 | C9: 주택2 | D9: 주택3 | E9: 주택4 | F9: 주택소계 | G9: 건축물 | I9: =A9+1 -> 2027 | J9: 주택1 | K9: 주택2 | L9: 주택3 | M9: 주택4 | N9: 주택소계 | O9: 건축물 | Q9: =I9+1 -> 2028 | R9: 주택1 | S9: 주택2 | T9: 주택3 | U9: 주택4 | V9: 주택소계 | W9: 건축물 | Y9: =Q9+1 -> 2029 | Z9: 주택1 | AA9: 주택2 | AB9: 주택3 | AC9: 주택4 | AD9: 주택소계 | AE9: 건축물 | AG9: =Y9+1 -> 2030 | AH9: 주택1 | AI9: 주택2 | AJ9: 주택3 | AK9: 주택4 | AL9: 주택소계 | AM9: 건축물
B10: =IF(OR($B$5="1세대1주택"),"1세대1주택","주택") -> 주택 | C10: =IF(OR($B$5="1세대1주택"),"1세대1주택","주택") -> 주택 | D10: =IF(OR($B$5="1세대1주택"),"1세대1주택","주택") -> 주택 | E10: =IF(OR($B$5="1세대1주택"),"1세대1주택","주택") -> 주택 | F10: 주택 | G10: 건물 | J10: =B$10 -> 주택 | K10: =C$10 -> 주택 | L10: =D$10 -> 주택 | M10: =E$10 -> 주택 | N10: 주택 | O10: 건물 | R10: =J$10 -> 주택 | S10: =K$10 -> 주택 | T10: =L$10 -> 주택 | U10: =M$10 -> 주택 | V10: 주택 | W10: 건물 | Z10: =R$10 -> 주택 | AA10: =S$10 -> 주택 | AB10: =T$10 -> 주택 | AC10: =U$10 -> 주택 | AD10: 주택 | AE10: 건물 | AH10: =Z$10 -> 주택 | AI10: =AA$10 -> 주택 | AJ10: =AB$10 -> 주택 | AK10: =AC$10 -> 주택 | AL10: 주택 | AM10: 건물
A11: 시가표준액 | B11: =HLOOKUP(B$9,기초!$C$5:$I$16,MATCH($A11,기초!$A$5:$A$16,0),0) -> 3500000000 | C11: =HLOOKUP(C$9,기초!$C$5:$I$16,MATCH($A11,기초!$A$5:$A$16,0),0) -> 1150000000 | D11: =HLOOKUP(D$9,기초!$C$5:$I$16,MATCH($A11,기초!$A$5:$A$16,0),0) -> 1.725e+09 | E11: =HLOOKUP(E$9,기초!$C$5:$I$16,MATCH($A11,기초!$A$5:$A$16,0),0) -> 2300000000 | F11: =SUM(B11:E11) -> 8675000000 | G11: =HLOOKUP(G$9,[1]기초!$C$5:$I$16,MATCH($A11,[1]기초!$A$5:$A$16,0),0) -> 0 | I11: 시가표준액(예상) | J11: =B11*(1+J8) -> 4.025e+09 | K11: =C11*(1+K8) -> 1322500000 | L11: =D11*(1+L8) -> 1.98375e+09 | M11: =E11*(1+M8) -> 2645000000 | N11: =SUM(J11:M11) -> 9976250000 | O11: =G11*(1+O8) -> 0 | Q11: 시가표준액(예상) | R11: =J11*(1+R8) -> 4.025e+09 | S11: =K11*(1+S8) -> 1322500000 | T11: =L11*(1+T8) -> 1.98375e+09 | U11: =M11*(1+U8) -> 2645000000 | V11: =SUM(R11:U11) -> 9976250000 | W11: =O11*(1+W8) -> 0 | Y11: 시가표준액(예상) | Z11: =R11*(1+Z8) -> 4.62875e+09 | AA11: =S11*(1+AA8) -> 1520875000 | AB11: =T11*(1+AB8) -> 2.2813125e+09 | AC11: =U11*(1+AC8) -> 3041750000 | AD11: =SUM(Z11:AC11) -> 1.1472687e+10 | AE11: =W11*(1+AE8) -> 0 | AG11: 시가표준액(예상) | AH11: =Z11*(1+AH8) -> 5.091625e+09 | AI11: =AA11*(1+AI8) -> 1536083750 | AJ11: =AB11*(1+AJ8) -> 2.3497519e+09 | AK11: =AC11*(1+AK8) -> 3193837500 | AL11: =SUM(AH11:AK11) -> 1.2171298e+10 | AM11: =AE11*(1+AM8) -> 0
A12: 공정시장가액비율 | B12: =IF(B$10="1세대1주택", IF(B11<=3*10^8,43%, IF(B11<=6*10^8,44%, 45%)), VLOOKUP(B$10,t!$H$3:$I$9,2,0)) -> 0.6 | C12: =IF(C$10="1세대1주택", IF(C11<=3*10^8,43%, IF(C11<=6*10^8,44%, 45%)), VLOOKUP(C$10,t!$H$3:$I$9,2,0)) -> 0.6 | D12: =IF(D$10="1세대1주택", IF(D11<=3*10^8,43%, IF(D11<=6*10^8,44%, 45%)), VLOOKUP(D$10,t!$H$3:$I$9,2,0)) -> 0.6 | E12: =IF(E$10="1세대1주택", IF(E11<=3*10^8,43%, IF(E11<=6*10^8,44%, 45%)), VLOOKUP(E$10,t!$H$3:$I$9,2,0)) -> 0.6 | F12: =IF(B10="1세대1주택",B12,60%) -> 0.6 | G12: =IF(G10="1세대1주택", IF(G11<=3*10^8,43%, IF(G11<=6*10^8,44%, 45%)), VLOOKUP(G10,t!$H$3:$I$9,2,0)) -> 0.7 | I12: 공정시장가액비율 | J12: =IF(J$10="1세대1주택", IF(J11<=3*10^8,43%, IF(J11<=6*10^8,44%, 45%)), VLOOKUP(J$10,t!$H$3:$I$9,2,0)) -> 0.6 | K12: =IF(K$10="1세대1주택", IF(K11<=3*10^8,43%, IF(K11<=6*10^8,44%, 45%)), VLOOKUP(K$10,t!$H$3:$I$9,2,0)) -> 0.6 | L12: =IF(L$10="1세대1주택", IF(L11<=3*10^8,43%, IF(L11<=6*10^8,44%, 45%)), VLOOKUP(L$10,t!$H$3:$I$9,2,0)) -> 0.6 | M12: =IF(M$10="1세대1주택", IF(M11<=3*10^8,43%, IF(M11<=6*10^8,44%, 45%)), VLOOKUP(M$10,t!$H$3:$I$9,2,0)) -> 0.6 | N12: =IF(J10="1세대1주택",J12,60%) -> 0.6 | O12: =IF(O10="1세대1주택", IF(O11<=3*10^8,43%, IF(O11<=6*10^8,44%, 45%)), VLOOKUP(O10,t!$H$3:$I$9,2,0)) -> 0.7 | Q12: 공정시장가액비율 | R12: =IF(R$10="1세대1주택", IF(R11<=3*10^8,43%, IF(R11<=6*10^8,44%, 45%)), VLOOKUP(R$10,t!$H$3:$I$9,2,0)) -> 0.6 | S12: =IF(S$10="1세대1주택", IF(S11<=3*10^8,43%, IF(S11<=6*10^8,44%, 45%)), VLOOKUP(S$10,t!$H$3:$I$9,2,0)) -> 0.6 | T12: =IF(T$10="1세대1주택", IF(T11<=3*10^8,43%, IF(T11<=6*10^8,44%, 45%)), VLOOKUP(T$10,t!$H$3:$I$9,2,0)) -> 0.6 | U12: =IF(U$10="1세대1주택", IF(U11<=3*10^8,43%, IF(U11<=6*10^8,44%, 45%)), VLOOKUP(U$10,t!$H$3:$I$9,2,0)) -> 0.6 | V12: =IF(R10="1세대1주택",R12,60%) -> 0.6 | W12: =IF(W10="1세대1주택", IF(W11<=3*10^8,43%, IF(W11<=6*10^8,44%, 45%)), VLOOKUP(W10,t!$H$3:$I$9,2,0)) -> 0.7 | Y12: 공정시장가액비율 | Z12: =IF(Z$10="1세대1주택", IF(Z11<=3*10^8,43%, IF(Z11<=6*10^8,44%, 45%)), VLOOKUP(Z$10,t!$H$3:$I$9,2,0)) -> 0.6 | AA12: =IF(AA$10="1세대1주택", IF(AA11<=3*10^8,43%, IF(AA11<=6*10^8,44%, 45%)), VLOOKUP(AA$10,t!$H$3:$I$9,2,0)) -> 0.6 | AB12: =IF(AB$10="1세대1주택", IF(AB11<=3*10^8,43%, IF(AB11<=6*10^8,44%, 45%)), VLOOKUP(AB$10,t!$H$3:$I$9,2,0)) -> 0.6 | AC12: =IF(AC$10="1세대1주택", IF(AC11<=3*10^8,43%, IF(AC11<=6*10^8,44%, 45%)), VLOOKUP(AC$10,t!$H$3:$I$9,2,0)) -> 0.6 | AD12: =IF(Z10="1세대1주택",Z12,60%) -> 0.6 | AE12: =IF(AE10="1세대1주택", IF(AE11<=3*10^8,43%, IF(AE11<=6*10^8,44%, 45%)), VLOOKUP(AE10,t!$H$3:$I$9,2,0)) -> 0.7 | AG12: 공정시장가액비율 | AH12: =IF(AH$10="1세대1주택", IF(AH11<=3*10^8,43%, IF(AH11<=6*10^8,44%, 45%)), VLOOKUP(AH$10,t!$H$3:$I$9,2,0)) -> 0.6 | AI12: =IF(AI$10="1세대1주택", IF(AI11<=3*10^8,43%, IF(AI11<=6*10^8,44%, 45%)), VLOOKUP(AI$10,t!$H$3:$I$9,2,0)) -> 0.6 | AJ12: =IF(AJ$10="1세대1주택", IF(AJ11<=3*10^8,43%, IF(AJ11<=6*10^8,44%, 45%)), VLOOKUP(AJ$10,t!$H$3:$I$9,2,0)) -> 0.6 | AK12: =IF(AK$10="1세대1주택", IF(AK11<=3*10^8,43%, IF(AK11<=6*10^8,44%, 45%)), VLOOKUP(AK$10,t!$H$3:$I$9,2,0)) -> 0.6 | AL12: =IF(AH10="1세대1주택",AH12,60%) -> 0.6 | AM12: =IF(AM10="1세대1주택", IF(AM11<=3*10^8,43%, IF(AM11<=6*10^8,44%, 45%)), VLOOKUP(AM10,t!$H$3:$I$9,2,0)) -> 0.7
A13: 과세표준(주택상한) | B13: =IF(RIGHT(B10,2)="주택",MIN(B11*B12,B23*B12+B11*B12*5%),B11*B12) -> 2100000000 | C13: =IF(RIGHT(C10,2)="주택",MIN(C11*C12,C23*C12+C11*C12*5%),C11*C12) -> 514500000 | D13: =IF(RIGHT(D10,2)="주택",MIN(D11*D12,D23*D12+D11*D12*5%),D11*D12) -> 771750000 | E13: =IF(RIGHT(E10,2)="주택",MIN(E11*E12,E23*E12+E11*E12*5%),E11*E12) -> 1089000000 | F13: =F11*F12 -> 5205000000 | G13: =IF(RIGHT(G10,2)="주택",MIN(G11*G12,G24*G12+G11*G12*5%),G11*G12) -> 0 | I13: 재산세 과세표준 | J13: =IF(RIGHT(J10,2)="주택",MIN(J11*J12,J23*J12+J11*J12*5%),J11*J12) -> 2220750000 | K13: =IF(RIGHT(K10,2)="주택",MIN(K11*K12,K23*K12+K11*K12*5%),K11*K12) -> 729675000 | L13: =IF(RIGHT(L10,2)="주택",MIN(L11*L12,L23*L12+L11*L12*5%),L11*L12) -> 1.0945125e+09 | M13: =IF(RIGHT(M10,2)="주택",MIN(M11*M12,M23*M12+M11*M12*5%),M11*M12) -> 1459350000 | N13: =N11*N12 -> 5985750000 | O13: =IF(RIGHT(O10,2)="주택",MIN(O11*O12,O23*O12+O11*O12*5%),O11*O12) -> 0 | Q13: 재산세 과세표준 | R13: =IF(RIGHT(R10,2)="주택",MIN(R11*R12,R23*R12+R11*R12*5%),R11*R12) -> 2.415e+09 | S13: =IF(RIGHT(S10,2)="주택",MIN(S11*S12,S23*S12+S11*S12*5%),S11*S12) -> 793500000 | T13: =IF(RIGHT(T10,2)="주택",MIN(T11*T12,T23*T12+T11*T12*5%),T11*T12) -> 1.19025e+09 | U13: =IF(RIGHT(U10,2)="주택",MIN(U11*U12,U23*U12+U11*U12*5%),U11*U12) -> 1587000000 | V13: =V11*V12 -> 5985750000 | W13: =IF(RIGHT(W10,2)="주택",MIN(W11*W12,W23*W12+W11*W12*5%),W11*W12) -> 0 | Y13: 재산세 과세표준 | Z13: =IF(RIGHT(Z10,2)="주택",MIN(Z11*Z12,Z23*Z12+Z11*Z12*5%),Z11*Z12) -> 2.5538625e+09 | AA13: =IF(RIGHT(AA10,2)="주택",MIN(AA11*AA12,AA23*AA12+AA11*AA12*5%),AA11*AA12) -> 839126250 | AB13: =IF(RIGHT(AB10,2)="주택",MIN(AB11*AB12,AB23*AB12+AB11*AB12*5%),AB11*AB12) -> 1.2586894e+09 | AC13: =IF(RIGHT(AC10,2)="주택",MIN(AC11*AC12,AC23*AC12+AC11*AC12*5%),AC11*AC12) -> 1678252500 | AD13: =AD11*AD12 -> 6.8836125e+09 | AE13: =IF(RIGHT(AE10,2)="주택",MIN(AE11*AE12,AE23*AE12+AE11*AE12*5%),AE11*AE12) -> 0 | AG13: 재산세 과세표준 | AH13: =IF(RIGHT(AH10,2)="주택",MIN(AH11*AH12,AH23*AH12+AH11*AH12*5%),AH11*AH12) -> 2.9299987e+09 | AI13: =IF(RIGHT(AI10,2)="주택",MIN(AI11*AI12,AI23*AI12+AI11*AI12*5%),AI11*AI12) -> 921650250 | AJ13: =IF(RIGHT(AJ10,2)="주택",MIN(AJ11*AJ12,AJ23*AJ12+AJ11*AJ12*5%),AJ11*AJ12) -> 1.4098511e+09 | AK13: =IF(RIGHT(AK10,2)="주택",MIN(AK11*AK12,AK23*AK12+AK11*AK12*5%),AK11*AK12) -> 1916302500 | AL13: =AL11*AL12 -> 7.3027789e+09 | AM13: =IF(RIGHT(AM10,2)="주택",MIN(AM11*AM12,AM23*AM12+AM11*AM12*5%),AM11*AM12) -> 0
A14: t | B14: {=IF(AND(B10="1세대1주택",B11<=9*10^8),INDEX(t!$D$3:$D$6,MATCH(TRUE,B13<=t!$A$3:$A$6,0)),INDEX(t!$B$3:$B$6,MATCH(TRUE,B13<=t!$A$3:$A$6,0)))} -> 0.004 | C14: {=IF(AND(C10="1세대1주택",C11<=9*10^8),INDEX(t!$D$3:$D$6,MATCH(TRUE,C13<=t!$A$3:$A$6,0)),INDEX(t!$B$3:$B$6,MATCH(TRUE,C13<=t!$A$3:$A$6,0)))} -> 0.004 | D14: {=IF(AND(D10="1세대1주택",D11<=9*10^8),INDEX(t!$D$3:$D$6,MATCH(TRUE,D13<=t!$A$3:$A$6,0)),INDEX(t!$B$3:$B$6,MATCH(TRUE,D13<=t!$A$3:$A$6,0)))} -> 0.004 | E14: {=IF(AND(E10="1세대1주택",E11<=9*10^8),INDEX(t!$D$3:$D$6,MATCH(TRUE,E13<=t!$A$3:$A$6,0)),INDEX(t!$B$3:$B$6,MATCH(TRUE,E13<=t!$A$3:$A$6,0)))} -> 0.004 | F14: {=INDEX(t!$B$3:$B$6,MATCH(TRUE,F13<=t!$A$3:$A$6,0))} -> 0.004 | G14: 0.0025 | I14: t | J14: {=IF(AND(J10="1세대1주택",J11<=9*10^8),INDEX(t!$D$3:$D$6,MATCH(TRUE,J13<=t!$A$3:$A$6,0)),INDEX(t!$B$3:$B$6,MATCH(TRUE,J13<=t!$A$3:$A$6,0)))} -> 0.004 | K14: {=IF(AND(K10="1세대1주택",K11<=9*10^8),INDEX(t!$D$3:$D$6,MATCH(TRUE,K13<=t!$A$3:$A$6,0)),INDEX(t!$B$3:$B$6,MATCH(TRUE,K13<=t!$A$3:$A$6,0)))} -> 0.004 | L14: {=IF(AND(L10="1세대1주택",L11<=9*10^8),INDEX(t!$D$3:$D$6,MATCH(TRUE,L13<=t!$A$3:$A$6,0)),INDEX(t!$B$3:$B$6,MATCH(TRUE,L13<=t!$A$3:$A$6,0)))} -> 0.004 | M14: {=IF(AND(M10="1세대1주택",M11<=9*10^8),INDEX(t!$D$3:$D$6,MATCH(TRUE,M13<=t!$A$3:$A$6,0)),INDEX(t!$B$3:$B$6,MATCH(TRUE,M13<=t!$A$3:$A$6,0)))} -> 0.004 | N14: {=INDEX(t!$B$3:$B$6,MATCH(TRUE,N13<=t!$A$3:$A$6,0))} -> 0.004 | O14: 0.0025 | Q14: t | R14: {=IF(AND(R10="1세대1주택",R11<=9*10^8),INDEX(t!$D$3:$D$6,MATCH(TRUE,R13<=t!$A$3:$A$6,0)),INDEX(t!$B$3:$B$6,MATCH(TRUE,R13<=t!$A$3:$A$6,0)))} -> 0.004 | S14: {=IF(AND(S10="1세대1주택",S11<=9*10^8),INDEX(t!$D$3:$D$6,MATCH(TRUE,S13<=t!$A$3:$A$6,0)),INDEX(t!$B$3:$B$6,MATCH(TRUE,S13<=t!$A$3:$A$6,0)))} -> 0.004 | T14: {=IF(AND(T10="1세대1주택",T11<=9*10^8),INDEX(t!$D$3:$D$6,MATCH(TRUE,T13<=t!$A$3:$A$6,0)),INDEX(t!$B$3:$B$6,MATCH(TRUE,T13<=t!$A$3:$A$6,0)))} -> 0.004 | U14: {=IF(AND(U10="1세대1주택",U11<=9*10^8),INDEX(t!$D$3:$D$6,MATCH(TRUE,U13<=t!$A$3:$A$6,0)),INDEX(t!$B$3:$B$6,MATCH(TRUE,U13<=t!$A$3:$A$6,0)))} -> 0.004 | V14: {=INDEX(t!$B$3:$B$6,MATCH(TRUE,V13<=t!$A$3:$A$6,0))} -> 0.004 | W14: 0.0025 | Y14: t | Z14: {=IF(AND(Z10="1세대1주택",Z11<=9*10^8),INDEX(t!$D$3:$D$6,MATCH(TRUE,Z13<=t!$A$3:$A$6,0)),INDEX(t!$B$3:$B$6,MATCH(TRUE,Z13<=t!$A$3:$A$6,0)))} -> 0.004 | AA14: {=IF(AND(AA10="1세대1주택",AA11<=9*10^8),INDEX(t!$D$3:$D$6,MATCH(TRUE,AA13<=t!$A$3:$A$6,0)),INDEX(t!$B$3:$B$6,MATCH(TRUE,AA13<=t!$A$3:$A$6,0)))} -> 0.004 | AB14: {=IF(AND(AB10="1세대1주택",AB11<=9*10^8),INDEX(t!$D$3:$D$6,MATCH(TRUE,AB13<=t!$A$3:$A$6,0)),INDEX(t!$B$3:$B$6,MATCH(TRUE,AB13<=t!$A$3:$A$6,0)))} -> 0.004 | AC14: {=IF(AND(AC10="1세대1주택",AC11<=9*10^8),INDEX(t!$D$3:$D$6,MATCH(TRUE,AC13<=t!$A$3:$A$6,0)),INDEX(t!$B$3:$B$6,MATCH(TRUE,AC13<=t!$A$3:$A$6,0)))} -> 0.004 | AD14: {=INDEX(t!$B$3:$B$6,MATCH(TRUE,AD13<=t!$A$3:$A$6,0))} -> 0.004 | AE14: 0.0025 | AG14: t | AH14: {=IF(AND(AH10="1세대1주택",AH11<=9*10^8),INDEX(t!$D$3:$D$6,MATCH(TRUE,AH13<=t!$A$3:$A$6,0)),INDEX(t!$B$3:$B$6,MATCH(TRUE,AH13<=t!$A$3:$A$6,0)))} -> 0.004 | AI14: {=IF(AND(AI10="1세대1주택",AI11<=9*10^8),INDEX(t!$D$3:$D$6,MATCH(TRUE,AI13<=t!$A$3:$A$6,0)),INDEX(t!$B$3:$B$6,MATCH(TRUE,AI13<=t!$A$3:$A$6,0)))} -> 0.004 | AJ14: {=IF(AND(AJ10="1세대1주택",AJ11<=9*10^8),INDEX(t!$D$3:$D$6,MATCH(TRUE,AJ13<=t!$A$3:$A$6,0)),INDEX(t!$B$3:$B$6,MATCH(TRUE,AJ13<=t!$A$3:$A$6,0)))} -> 0.004 | AK14: {=IF(AND(AK10="1세대1주택",AK11<=9*10^8),INDEX(t!$D$3:$D$6,MATCH(TRUE,AK13<=t!$A$3:$A$6,0)),INDEX(t!$B$3:$B$6,MATCH(TRUE,AK13<=t!$A$3:$A$6,0)))} -> 0.004 | AL14: {=INDEX(t!$B$3:$B$6,MATCH(TRUE,AL13<=t!$A$3:$A$6,0))} -> 0.004 | AM14: 0.0025
A15: 산출세액 | B15: =B13*B14-VLOOKUP(B14,IF(AND(B10="1세대1주택",B11<=9*10^8),t!$D$2:$E$6,t!$B$2:$C$6),2,0) -> 7770000 | C15: =C13*C14-VLOOKUP(C14,IF(AND(C10="1세대1주택",C11<=9*10^8),t!$D$2:$E$6,t!$B$2:$C$6),2,0) -> 1428000 | D15: =D13*D14-VLOOKUP(D14,IF(AND(D10="1세대1주택",D11<=9*10^8),t!$D$2:$E$6,t!$B$2:$C$6),2,0) -> 2457000 | E15: =E13*E14-VLOOKUP(E14,IF(AND(E10="1세대1주택",E11<=9*10^8),t!$D$2:$E$6,t!$B$2:$C$6),2,0) -> 3726000 | F15: =F13*F14-VLOOKUP(F14,t!$B$2:$C$6,2,0) -> 20190000 | G15: =G13*0.25% -> 0 | I15: 산출세액 | J15: =J13*J14-VLOOKUP(J14,IF(AND(J10="1세대1주택",J11<=9*10^8),t!$D$2:$E$6,t!$B$2:$C$6),2,0) -> 8253000 | K15: =K13*K14-VLOOKUP(K14,IF(AND(K10="1세대1주택",K11<=9*10^8),t!$D$2:$E$6,t!$B$2:$C$6),2,0) -> 2288700 | L15: =L13*L14-VLOOKUP(L14,IF(AND(L10="1세대1주택",L11<=9*10^8),t!$D$2:$E$6,t!$B$2:$C$6),2,0) -> 3748050 | M15: =M13*M14-VLOOKUP(M14,IF(AND(M10="1세대1주택",M11<=9*10^8),t!$D$2:$E$6,t!$B$2:$C$6),2,0) -> 5207400 | N15: =N13*N14-VLOOKUP(N14,t!$B$2:$C$6,2,0) -> 23313000 | O15: =O13*0.25% -> 0 | Q15: 산출세액 | R15: =R13*R14-VLOOKUP(R14,IF(AND(R10="1세대1주택",R11<=9*10^8),t!$D$2:$E$6,t!$B$2:$C$6),2,0) -> 9030000 | S15: =S13*S14-VLOOKUP(S14,IF(AND(S10="1세대1주택",S11<=9*10^8),t!$D$2:$E$6,t!$B$2:$C$6),2,0) -> 2544000 | T15: =T13*T14-VLOOKUP(T14,IF(AND(T10="1세대1주택",T11<=9*10^8),t!$D$2:$E$6,t!$B$2:$C$6),2,0) -> 4131000 | U15: =U13*U14-VLOOKUP(U14,IF(AND(U10="1세대1주택",U11<=9*10^8),t!$D$2:$E$6,t!$B$2:$C$6),2,0) -> 5718000 | V15: =V13*V14-VLOOKUP(V14,t!$B$2:$C$6,2,0) -> 23313000 | W15: =W13*0.25% -> 0 | Y15: 산출세액 | Z15: =Z13*Z14-VLOOKUP(Z14,IF(AND(Z10="1세대1주택",Z11<=9*10^8),t!$D$2:$E$6,t!$B$2:$C$6),2,0) -> 9585450 | AA15: =AA13*AA14-VLOOKUP(AA14,IF(AND(AA10="1세대1주택",AA11<=9*10^8),t!$D$2:$E$6,t!$B$2:$C$6),2,0) -> 2726505 | AB15: =AB13*AB14-VLOOKUP(AB14,IF(AND(AB10="1세대1주택",AB11<=9*10^8),t!$D$2:$E$6,t!$B$2:$C$6),2,0) -> 4404757.5 | AC15: =AC13*AC14-VLOOKUP(AC14,IF(AND(AC10="1세대1주택",AC11<=9*10^8),t!$D$2:$E$6,t!$B$2:$C$6),2,0) -> 6083010 | AD15: =AD13*AD14-VLOOKUP(AD14,t!$B$2:$C$6,2,0) -> 26904450 | AE15: =AE13*0.25% -> 0 | AG15: 산출세액 | AH15: =AH13*AH14-VLOOKUP(AH14,IF(AND(AH10="1세대1주택",AH11<=9*10^8),t!$D$2:$E$6,t!$B$2:$C$6),2,0) -> 11089995 | AI15: =AI13*AI14-VLOOKUP(AI14,IF(AND(AI10="1세대1주택",AI11<=9*10^8),t!$D$2:$E$6,t!$B$2:$C$6),2,0) -> 3056601 | AJ15: =AJ13*AJ14-VLOOKUP(AJ14,IF(AND(AJ10="1세대1주택",AJ11<=9*10^8),t!$D$2:$E$6,t!$B$2:$C$6),2,0) -> 5009404.5 | AK15: =AK13*AK14-VLOOKUP(AK14,IF(AND(AK10="1세대1주택",AK11<=9*10^8),t!$D$2:$E$6,t!$B$2:$C$6),2,0) -> 7035210 | AL15: =AL13*AL14-VLOOKUP(AL14,t!$B$2:$C$6,2,0) -> 28581115 | AM15: =AM13*0.25% -> 0
A16: 재산세액 | B16: =B15 -> 7770000 | C16: =C15 -> 1428000 | D16: =D15 -> 2457000 | E16: =E15 -> 3726000 | F16: =SUM(B16:E16) -> 15381000 | G16: =MIN(G15,F27*150%) -> 0 | I16: 재산세액 | J16: =J15 -> 8253000 | K16: =K15 -> 2288700 | L16: =L15 -> 3748050 | M16: =M15 -> 5207400 | N16: =SUM(J16:M16) -> 19497150 | O16: =MIN(O15,O27*150%) -> 0 | Q16: 재산세액 | R16: =R15 -> 9030000 | S16: =S15 -> 2544000 | T16: =T15 -> 4131000 | U16: =U15 -> 5718000 | V16: =SUM(R16:U16) -> 21423000 | W16: =MIN(W15,W27*150%) -> 0 | Y16: 재산세액 | Z16: =Z15 -> 9585450 | AA16: =AA15 -> 2726505 | AB16: =AB15 -> 4404757.5 | AC16: =AC15 -> 6083010 | AD16: =SUM(Z16:AC16) -> 22799722 | AE16: =MIN(AE15,AE27*150%) -> 0 | AG16: 재산세액 | AH16: =AH15 -> 11089995 | AI16: =AI15 -> 3056601 | AJ16: =AJ15 -> 5009404.5 | AK16: =AK15 -> 7035210 | AL16: =SUM(AH16:AK16) -> 26191210 | AM16: =MIN(AM15,AM27*150%) -> 0
A17: 도시지역분 | B17: =B$13*0.14% -> 2940000 | C17: =C$13*0.14% -> 720300 | D17: =D$13*0.14% -> 1080450 | E17: =E$13*0.14% -> 1524600 | G17: =G$13*0.14% -> 0 | I17: 도시지역분 | J17: =J$13*0.14% -> 3109050 | K17: =K$13*0.14% -> 1021545 | L17: =L$13*0.14% -> 1532317.5 | M17: =M$13*0.14% -> 2043090 | O17: =O$13*0.14% -> 0 | Q17: 도시지역분 | R17: =R$13*0.14% -> 3381000 | S17: =S$13*0.14% -> 1110900 | T17: =T$13*0.14% -> 1666350 | U17: =U$13*0.14% -> 2221800 | W17: =W$13*0.14% -> 0 | Y17: 도시지역분 | Z17: =Z$13*0.14% -> 3575407.5 | AA17: =AA$13*0.14% -> 1174776.8 | AB17: =AB$13*0.14% -> 1762165.1 | AC17: =AC$13*0.14% -> 2349553.5 | AE17: =AE$13*0.14% -> 0 | AG17: 도시지역분 | AH17: =AH$13*0.14% -> 4101998.2 | AI17: =AI$13*0.14% -> 1290310.4 | AJ17: =AJ$13*0.14% -> 1973791.6 | AK17: =AK$13*0.14% -> 2682823.5 | AM17: =AM$13*0.14% -> 0
A18: 지역자원시설세 | G18: =IF(G13<=6000000, G13*0.04%, IF(G13<=13000000, 2400+(G13-6000000)*0.05%, IF(G13<=26000000, 5900+(G13-13000000)*0.06%, IF(G13<=39000000, 13700+(G13-26000000)*0.08%, IF(G13<=64000000, 24100+(G13-39000000)*0.1%, 49100+(G13-64000000)*0.12% ) ) ) ) ) -> 0 | I18: 지역자원시설세 | O18: =IF(O13<=6000000, O13*0.04%, IF(O13<=13000000, 2400+(O13-6000000)*0.05%, IF(O13<=26000000, 5900+(O13-13000000)*0.06%, IF(O13<=39000000, 13700+(O13-26000000)*0.08%, IF(O13<=64000000, 24100+(O13-39000000)*0.1%, 49100+(O13-64000000)*0.12% ) ) ) ) ) -> 0 | Q18: 지역자원시설세 | W18: =IF(W13<=6000000, W13*0.04%, IF(W13<=13000000, 2400+(W13-6000000)*0.05%, IF(W13<=26000000, 5900+(W13-13000000)*0.06%, IF(W13<=39000000, 13700+(W13-26000000)*0.08%, IF(W13<=64000000, 24100+(W13-39000000)*0.1%, 49100+(W13-64000000)*0.12% ) ) ) ) ) -> 0 | Y18: 지역자원시설세 | AE18: =IF(AE13<=6000000, AE13*0.04%, IF(AE13<=13000000, 2400+(AE13-6000000)*0.05%, IF(AE13<=26000000, 5900+(AE13-13000000)*0.06%, IF(AE13<=39000000, 13700+(AE13-26000000)*0.08%, IF(AE13<=64000000, 24100+(AE13-39000000)*0.1%, 49100+(AE13-64000000)*0.12% ) ) ) ) ) -> 0 | AG18: 지역자원시설세 | AM18: =IF(AM13<=6000000, AM13*0.04%, IF(AM13<=13000000, 2400+(AM13-6000000)*0.05%, IF(AM13<=26000000, 5900+(AM13-13000000)*0.06%, IF(AM13<=39000000, 13700+(AM13-26000000)*0.08%, IF(AM13<=64000000, 24100+(AM13-39000000)*0.1%, 49100+(AM13-64000000)*0.12% ) ) ) ) ) -> 0
A19: 지방교육세 | B19: =B$16*0.2 -> 1554000 | C19: =C$16*0.2 -> 285600 | D19: =D$16*0.2 -> 491400 | E19: =E$16*0.2 -> 745200 | G19: =G$16*0.2 -> 0 | I19: 지방교육세 | J19: =J$16*0.2 -> 1650600 | K19: =K$16*0.2 -> 457740 | L19: =L$16*0.2 -> 749610 | M19: =M$16*0.2 -> 1041480 | O19: =O$16*0.2 -> 0 | Q19: 지방교육세 | R19: =R$16*0.2 -> 1806000 | S19: =S$16*0.2 -> 508800 | T19: =T$16*0.2 -> 826200 | U19: =U$16*0.2 -> 1143600 | W19: =W$16*0.2 -> 0 | Y19: 지방교육세 | Z19: =Z$16*0.2 -> 1917090 | AA19: =AA$16*0.2 -> 545301 | AB19: =AB$16*0.2 -> 880951.5 | AC19: =AC$16*0.2 -> 1216602 | AE19: =AE$16*0.2 -> 0 | AG19: 지방교육세 | AH19: =AH$16*0.2 -> 2217999 | AI19: =AI$16*0.2 -> 611320.2 | AJ19: =AJ$16*0.2 -> 1001880.9 | AK19: =AK$16*0.2 -> 1407042 | AM19: =AM$16*0.2 -> 0
A20: 재산세납부액 | B20: =SUM(B16:B19) -> 12264000 | C20: =SUM(C16:C19) -> 2433900 | D20: =SUM(D16:D19) -> 4028850 | E20: =SUM(E16:E19) -> 5995800 | G20: =SUM(G16:G19) -> 0 | I20: 재산세납부액 | J20: =SUM(J16:J19) -> 13012650 | K20: =SUM(K16:K19) -> 3767985 | L20: =SUM(L16:L19) -> 6029977.5 | M20: =SUM(M16:M19) -> 8291970 | O20: =SUM(O16:O19) -> 0 | Q20: 재산세납부액 | R20: =SUM(R16:R19) -> 14217000 | S20: =SUM(S16:S19) -> 4163700 | T20: =SUM(T16:T19) -> 6623550 | U20: =SUM(U16:U19) -> 9083400 | W20: =SUM(W16:W19) -> 0 | Y20: 재산세납부액 | Z20: =SUM(Z16:Z19) -> 15077947 | AA20: =SUM(AA16:AA19) -> 4446582.8 | AB20: =SUM(AB16:AB19) -> 7047874.1 | AC20: =SUM(AC16:AC19) -> 9649165.5 | AE20: =SUM(AE16:AE19) -> 0 | AG20: 재산세납부액 | AH20: =SUM(AH16:AH19) -> 17409992 | AI20: =SUM(AI16:AI19) -> 4958231.5 | AJ20: =SUM(AJ16:AJ19) -> 7985077 | AK20: =SUM(AK16:AK19) -> 11125076 | AM20: =SUM(AM16:AM19) -> 0
F22: 전년도 | N22: 전년도 | V22: 전년도 | AD22: 전년도 | AL22: 전년도
A23: 시가표준 | B23: 4890000000 | C23: 800000000 | D23: 1200000000 | E23: 1700000000 | F23: =SUM(B23:E23) -> 8590000000 | I23: 시가표준 | J23: =B11 -> 3500000000 | K23: =C11 -> 1150000000 | L23: =D11 -> 1.725e+09 | M23: =E11 -> 2300000000 | N23: =SUM(J23:M23) -> 8675000000 | Q23: 시가표준 | R23: =J11 -> 4.025e+09 | S23: =K11 -> 1322500000 | T23: =L11 -> 1.98375e+09 | U23: =M11 -> 2645000000 | V23: =SUM(R23:U23) -> 9976250000 | Y23: 시가표준 | Z23: =R11 -> 4.025e+09 | AA23: =S11 -> 1322500000 | AB23: =T11 -> 1.98375e+09 | AC23: =U11 -> 2645000000 | AD23: =SUM(Z23:AC23) -> 9976250000 | AG23: 시가표준 | AH23: =Z11 -> 4.62875e+09 | AI23: =AA11 -> 1520875000 | AJ23: =AB11 -> 2.2813125e+09 | AK23: =AC11 -> 3041750000 | AL23: =SUM(AH23:AK23) -> 1.1472687e+10
A24: 과세표준 | B24: =B23*IF(B10="1세대1주택",B12,60%) -> 2934000000 | C24: =C23*IF(C10="1세대1주택",C12,60%) -> 480000000 | D24: =D23*IF(D10="1세대1주택",D12,60%) -> 720000000 | E24: =E23*IF(E10="1세대1주택",E12,60%) -> 1020000000 | F24: =SUM(B24:E24) -> 5154000000 | I24: 과세표준 | J24: =J23*0.6 -> 2100000000 | K24: =K23*0.6 -> 690000000 | L24: =L23*0.6 -> 1.035e+09 | M24: =M23*0.6 -> 1380000000 | N24: =SUM(J24:M24) -> 5205000000 | Q24: 과세표준 | R24: =R23*0.6 -> 2.415e+09 | S24: =S23*0.6 -> 793500000 | T24: =T23*0.6 -> 1.19025e+09 | U24: =U23*0.6 -> 1587000000 | V24: =SUM(R24:U24) -> 5.98575e+09 | Y24: 과세표준 | Z24: =Z23*0.6 -> 2.415e+09 | AA24: =AA23*0.6 -> 793500000 | AB24: =AB23*0.6 -> 1.19025e+09 | AC24: =AC23*0.6 -> 1587000000 | AD24: =SUM(Z24:AC24) -> 5.98575e+09 | AG24: 과세표준 | AH24: =AH23*0.6 -> 2.77725e+09 | AI24: =AI23*0.6 -> 912525000 | AJ24: =AJ23*0.6 -> 1.3687875e+09 | AK24: =AK23*0.6 -> 1825050000 | AL24: =SUM(AH24:AK24) -> 6.8836125e+09
A25: t | B25: {=INDEX(t!$B$3:$B$6,MATCH(TRUE,B13<=t!$A$3:$A$6,0))} -> 0.004 | C25: {=INDEX(t!$B$3:$B$6,MATCH(TRUE,C13<=t!$A$3:$A$6,0))} -> 0.004 | D25: {=INDEX(t!$B$3:$B$6,MATCH(TRUE,D13<=t!$A$3:$A$6,0))} -> 0.004 | E25: {=INDEX(t!$B$3:$B$6,MATCH(TRUE,E13<=t!$A$3:$A$6,0))} -> 0.004 | F25: {=INDEX(t!$B$3:$B$6,MATCH(TRUE,F24<=t!$A$3:$A$6,0))} -> 0.004 | I25: t | J25: {=INDEX(t!$B$3:$B$6,MATCH(TRUE,J13<=t!$A$3:$A$6,0))} -> 0.004 | K25: {=INDEX(t!$B$3:$B$6,MATCH(TRUE,K13<=t!$A$3:$A$6,0))} -> 0.004 | L25: {=INDEX(t!$B$3:$B$6,MATCH(TRUE,L13<=t!$A$3:$A$6,0))} -> 0.004 | M25: {=INDEX(t!$B$3:$B$6,MATCH(TRUE,M13<=t!$A$3:$A$6,0))} -> 0.004 | N25: {=INDEX(t!$B$3:$B$6,MATCH(TRUE,N24<=t!$A$3:$A$6,0))} -> 0.004 | Q25: t | R25: {=INDEX(t!$B$3:$B$6,MATCH(TRUE,R13<=t!$A$3:$A$6,0))} -> 0.004 | S25: {=INDEX(t!$B$3:$B$6,MATCH(TRUE,S13<=t!$A$3:$A$6,0))} -> 0.004 | T25: {=INDEX(t!$B$3:$B$6,MATCH(TRUE,T13<=t!$A$3:$A$6,0))} -> 0.004 | U25: {=INDEX(t!$B$3:$B$6,MATCH(TRUE,U13<=t!$A$3:$A$6,0))} -> 0.004 | V25: {=INDEX(t!$B$3:$B$6,MATCH(TRUE,V24<=t!$A$3:$A$6,0))} -> 0.004 | Y25: t | Z25: {=INDEX(t!$B$3:$B$6,MATCH(TRUE,Z13<=t!$A$3:$A$6,0))} -> 0.004 | AA25: {=INDEX(t!$B$3:$B$6,MATCH(TRUE,AA13<=t!$A$3:$A$6,0))} -> 0.004 | AB25: {=INDEX(t!$B$3:$B$6,MATCH(TRUE,AB13<=t!$A$3:$A$6,0))} -> 0.004 | AC25: {=INDEX(t!$B$3:$B$6,MATCH(TRUE,AC13<=t!$A$3:$A$6,0))} -> 0.004 | AD25: {=INDEX(t!$B$3:$B$6,MATCH(TRUE,AD24<=t!$A$3:$A$6,0))} -> 0.004 | AG25: t | AH25: {=INDEX(t!$B$3:$B$6,MATCH(TRUE,AH13<=t!$A$3:$A$6,0))} -> 0.004 | AI25: {=INDEX(t!$B$3:$B$6,MATCH(TRUE,AI13<=t!$A$3:$A$6,0))} -> 0.004 | AJ25: {=INDEX(t!$B$3:$B$6,MATCH(TRUE,AJ13<=t!$A$3:$A$6,0))} -> 0.004 | AK25: {=INDEX(t!$B$3:$B$6,MATCH(TRUE,AK13<=t!$A$3:$A$6,0))} -> 0.004 | AL25: {=INDEX(t!$B$3:$B$6,MATCH(TRUE,AL24<=t!$A$3:$A$6,0))} -> 0.004
A26: 전연도 재산세상당액 | B26: =B24*B25-VLOOKUP(B25,t!$B$2:$C$6,2,0) -> 11106000 | C26: =C24*C25-VLOOKUP(C25,t!$B$2:$C$6,2,0) -> 1290000 | D26: =D24*D25-VLOOKUP(D25,t!$B$2:$C$6,2,0) -> 2250000 | E26: =E24*E25-VLOOKUP(E25,t!$B$2:$C$6,2,0) -> 3450000 | F26: =SUM(B26:E26) -> 18096000 | I26: 전연도 재산세상당액 | J26: =J24*J25-VLOOKUP(J25,t!$B$2:$C$6,2,0) -> 7770000 | K26: =K24*K25-VLOOKUP(K25,t!$B$2:$C$6,2,0) -> 2130000 | L26: =L24*L25-VLOOKUP(L25,t!$B$2:$C$6,2,0) -> 3510000 | M26: =M24*M25-VLOOKUP(M25,t!$B$2:$C$6,2,0) -> 4890000 | N26: =SUM(J26:M26) -> 18300000 | Q26: 전연도 재산세상당액 | R26: =R24*R25-VLOOKUP(R25,t!$B$2:$C$6,2,0) -> 9030000 | S26: =S24*S25-VLOOKUP(S25,t!$B$2:$C$6,2,0) -> 2544000 | T26: =T24*T25-VLOOKUP(T25,t!$B$2:$C$6,2,0) -> 4131000 | U26: =U24*U25-VLOOKUP(U25,t!$B$2:$C$6,2,0) -> 5718000 | V26: =SUM(R26:U26) -> 21423000 | Y26: 전연도 재산세상당액 | Z26: =Z24*Z25-VLOOKUP(Z25,t!$B$2:$C$6,2,0) -> 9030000 | AA26: =AA24*AA25-VLOOKUP(AA25,t!$B$2:$C$6,2,0) -> 2544000 | AB26: =AB24*AB25-VLOOKUP(AB25,t!$B$2:$C$6,2,0) -> 4131000 | AC26: =AC24*AC25-VLOOKUP(AC25,t!$B$2:$C$6,2,0) -> 5718000 | AD26: =SUM(Z26:AC26) -> 21423000 | AG26: 전연도 재산세상당액 | AH26: =AH24*AH25-VLOOKUP(AH25,t!$B$2:$C$6,2,0) -> 10479000 | AI26: =AI24*AI25-VLOOKUP(AI25,t!$B$2:$C$6,2,0) -> 3020100 | AJ26: =AJ24*AJ25-VLOOKUP(AJ25,t!$B$2:$C$6,2,0) -> 4845150 | AK26: =AK24*AK25-VLOOKUP(AK25,t!$B$2:$C$6,2,0) -> 6670200 | AL26: =SUM(AH26:AK26) -> 25014450
A27: 전년도 종부세상당액 | F27: =F57 -> 88993588 | I27: 전년도 종부세상당액 | N27: =N57 -> 90402065 | Q27: 전년도 종부세상당액 | V27: =V57 -> 1.6041419e+08 | Y27: 전년도 종부세상당액 | AD27: =AD57 -> 1.9584479e+08 | AG27: 전년도 종부세상당액 | AL27: =AL57 -> 2.4086467e+08
A28: 세부담상한액 | F28: =SUM(F26,F27)*150% -> 1.6063438e+08 | I28: 세부담상한액 | N28: =SUM(N26,N27)*200% -> 2.1740413e+08 | Q28: 세부담상한액 | V28: =SUM(V26,V27)*200% -> 3.6367437e+08 | Y28: 세부담상한액 | AD28: =SUM(AD26,AD27)*200% -> 4.3453557e+08 | AG28: 세부담상한액 | AL28: =SUM(AL26,AL27)*200% -> 5.3175825e+08
B32: =A9 -> 2026 | F32: 전년도 | J32: =B32+1 -> 2027 | N32: 전년도 | R32: =J32+1 -> 2028 | V32: 전년도 | Z32: =R32+1 -> 2029 | AD32: 전년도 | AH32: =Z32+1 -> 2030 | AL32: 전년도
B33: =IF(OR($B$5="1세대1주택"),"1세대1주택","주택") -> 주택 | C33: =IF(OR($B$5="1세대1주택"),"1세대1주택","주택") -> 주택 | D33: =IF(OR($B$5="1세대1주택"),"1세대1주택","주택") -> 주택 | E33: =IF(OR($B$5="1세대1주택"),"1세대1주택","주택") -> 주택 | F33: =IF(OR($B$5="1세대1주택"),"1세대1주택","주택") -> 주택 | J33: =J10 -> 주택 | K33: =K10 -> 주택 | L33: =L10 -> 주택 | M33: =M10 -> 주택 | N33: =IF(OR($B$5="1세대1주택"),"1세대1주택","주택") -> 주택 | R33: =R10 -> 주택 | S33: =S10 -> 주택 | T33: =T10 -> 주택 | U33: =U10 -> 주택 | V33: =IF(OR($B$5="1세대1주택"),"1세대1주택","주택") -> 주택 | Z33: =Z10 -> 주택 | AA33: =AA10 -> 주택 | AB33: =AB10 -> 주택 | AC33: =AC10 -> 주택 | AD33: =IF(OR($B$5="1세대1주택"),"1세대1주택","주택") -> 주택 | AH33: =AH10 -> 주택 | AI33: =AI10 -> 주택 | AJ33: =AJ10 -> 주택 | AK33: =AK10 -> 주택 | AL33: =IF(OR($B$5="1세대1주택"),"1세대1주택","주택") -> 주택
A34: 소유자1 | B34: =IF($B$6=B$9,"거주","") -> 거주 | C34: =IF($B$6=C$9,"거주","") | D34: =IF($B$6=D$9,"거주","") | E34: =IF($B$6=E$9,"거주","") | F34: =B34 -> 거주 | I34: 소유자1의 거주지 | J34: =IF($B$6=J$9,"거주","") -> 거주 | K34: =IF($B$6=K$9,"거주","") | L34: =IF($B$6=L$9,"거주","") | M34: =IF($B$6=M$9,"거주","") | N34: =J34 -> 거주 | Q34: 소유자1 거주지 | R34: =IF($B$6=R$9,"거주","") -> 거주 | S34: =IF($B$6=S$9,"거주","") | T34: =IF($B$6=T$9,"거주","") | U34: =IF($B$6=U$9,"거주","") | V34: =R34 -> 거주 | Y34: 소유자1 거주지 | Z34: =IF($B$6=Z$9,"거주","") -> 거주 | AA34: =IF($B$6=AA$9,"거주","") | AB34: =IF($B$6=AB$9,"거주","") | AC34: =IF($B$6=AC$9,"거주","") | AD34: =Z34 -> 거주 | AG34: 소유자1 거주지 | AH34: =IF($B$6=AH$9,"거주","") -> 거주 | AI34: =IF($B$6=AI$9,"거주","") | AJ34: =IF($B$6=AJ$9,"거주","") | AK34: =IF($B$6=AK$9,"거주","") | AL34: =AH34 -> 거주
A35: 보유지분 | B35: =HLOOKUP(B$9,기초!$C$5:$I$16,MATCH($A35,기초!$A$5:$A$16,0),0) -> 1 | C35: =HLOOKUP(C$9,기초!$C$5:$I$16,MATCH($A35,기초!$A$5:$A$16,0),0) -> 0.5 | D35: =HLOOKUP(D$9,기초!$C$5:$I$16,MATCH($A35,기초!$A$5:$A$16,0),0) -> 1 | E35: =HLOOKUP(E$9,기초!$C$5:$I$16,MATCH($A35,기초!$A$5:$A$16,0),0) -> 1 | I35: 소유지분(%) | J35: =B35 -> 1 | K35: =C35 -> 0.5 | L35: =D35 -> 1 | M35: =E35 -> 1 | Q35: 소유지분(%) | R35: =J35 -> 1 | S35: =K35 -> 0.5 | T35: =L35 -> 1 | U35: =M35 -> 1 | Y35: 소유지분(%) | Z35: =R35 -> 1 | AA35: =S35 -> 0.5 | AB35: =T35 -> 1 | AC35: =U35 -> 1 | AG35: 소유지분(%) | AH35: =Z35 -> 1 | AI35: =AA35 -> 0.5 | AJ35: =AB35 -> 1 | AK35: =AC35 -> 1
A36: 보유기간 | B36: =HLOOKUP(B$9,기초!$C$5:$I$16,MATCH($A36,기초!$A$5:$A$16,0),0) -> 15 | C36: =HLOOKUP(C$9,기초!$C$5:$I$16,MATCH($A36,기초!$A$5:$A$16,0),0) -> 4 | D36: =HLOOKUP(D$9,기초!$C$5:$I$16,MATCH($A36,기초!$A$5:$A$16,0),0) -> 5 | E36: =HLOOKUP(E$9,기초!$C$5:$I$16,MATCH($A36,기초!$A$5:$A$16,0),0) -> 6 | F36: =IF(F33="1세대1주택",B36-1,) -> 0 | I36: 보유기간(연) | J36: =B36+1 -> 16 | K36: =C36+1 -> 5 | L36: =D36+1 -> 6 | M36: =E36+1 -> 7 | N36: =IF(N33="1세대1주택",J36-1,) -> 0
A37: 보유공제 | B37: =IF(B33="1세대1주택",IF(B36>=15,50%,IF(B36>=10,40%,IF(B36>=5,20%,0)))) -> FALSE | C37: =IF(C33="1세대1주택",IF(C36>=15,50%,IF(C36>=10,40%,IF(C36>=5,20%,0)))) -> FALSE | D37: =IF(D33="1세대1주택",IF(D36>=15,50%,IF(D36>=10,40%,IF(D36>=5,20%,0)))) -> FALSE | E37: =IF(E33="1세대1주택",IF(E36>=15,50%,IF(E36>=10,40%,IF(E36>=5,20%,0)))) -> FALSE | F37: =IF(F33="1세대1주택",IF(F36>=15,50%,IF(F36>=10,40%,IF(F36>=5,20%,0)))) -> FALSE | I37: 보유공제(%) | J37: =IF(J$33="1세대1주택",IF(J36>=15,25%,IF(J36>=10,20%,IF(J36>=5,10%,0)))) -> FALSE | K37: =IF(K$33="1세대1주택",IF(K36>=15,25%,IF(K36>=10,20%,IF(K36>=5,10%,0)))) -> FALSE | L37: =IF(L$33="1세대1주택",IF(L36>=15,25%,IF(L36>=10,20%,IF(L36>=5,10%,0)))) -> FALSE | M37: =IF(M$33="1세대1주택",IF(M36>=15,25%,IF(M36>=10,20%,IF(M36>=5,10%,0)))) -> FALSE | N37: =IF(N$33="1세대1주택",IF(N36>=15,25%,IF(N36>=10,20%,IF(N36>=5,10%,0)))) -> FALSE
A38: 주택수 | B38: =$B$3 -> 4 | I38: 주택수 | J38: =$B$3 -> 4 | Q38: 주택수 | R38: =$B$3 -> 4 | Y38: 주택수 | Z38: =$B$3 -> 4 | AG38: 주택수 | AH38: =$B$3 -> 4
A39: 적용세율 | B39: =IF(B38<=2,"기본세율","중과세율") -> 중과세율
I40: 거주기간 | J40: 15 | K40: 1 | L40: 2 | M40: 3 | N40: =OFFSET($I$40,0,MATCH("거주",$J34:$M34,0)) -> 15 | Q40: 거주기간(연) | R40: =IF(R34="거주",J40+1,J40) -> 16 | S40: =IF(S34="거주",K40+1,K40) -> 1 | T40: =IF(T34="거주",L40+1,L40) -> 2 | U40: =IF(U34="거주",M40+1,M40) -> 3 | V40: =OFFSET($I$40,0,MATCH("거주",$J34:$M34,0)) -> 15 | Y40: 거주기간(연) | Z40: =IF(Z34="거주",R40+1,R40) -> 17 | AA40: =IF(AA34="거주",S40+1,S40) -> 1 | AB40: =IF(AB34="거주",T40+1,T40) -> 2 | AC40: =IF(AC34="거주",U40+1,U40) -> 3 | AD40: =IF(AD34="거주",V40+1,V40) -> 16 | AG40: 거주기간(연) | AH40: =IF(AH34="거주",Z40+1,Z40) -> 18 | AI40: =IF(AI34="거주",AA40+1,AA40) -> 1 | AJ40: =IF(AJ34="거주",AB40+1,AB40) -> 2 | AK40: =IF(AK34="거주",AC40+1,AC40) -> 3 | AL40: =IF(AL34="거주",AD40+1,AD40) -> 17
I41: 거주공제(%) | J41: =IF(AND(J33="1세대1주택",COUNTIF($J$34:$J$34,"거주")=1),IF(J40>=15,50%,IF(J40>=10,40%,IF(J40>=5,20%,0)))) -> FALSE | K41: =IF(AND(K33="1세대1주택",COUNTIF($J$34:$J$34,"거주")=1),IF(K40>=15,50%,IF(K40>=10,40%,IF(K40>=5,20%,0)))) -> FALSE | L41: =IF(AND(L33="1세대1주택",COUNTIF($J$34:$J$34,"거주")=1),IF(L40>=15,50%,IF(L40>=10,40%,IF(L40>=5,20%,0)))) -> FALSE | M41: =IF(AND(M33="1세대1주택",COUNTIF($J$34:$J$34,"거주")=1),IF(M40>=15,50%,IF(M40>=10,40%,IF(M40>=5,20%,0)))) -> FALSE | N41: =IF(AND(N33="1세대1주택",COUNTIF($J$34:$J$34,"거주")=1),IF(N40>=15,50%,IF(N40>=10,40%,IF(N40>=5,20%,0)))) -> FALSE | Q41: 거주공제(%) | R41: =IF(AND(R33="1세대1주택",COUNTIF($J$34:$J$34,"거주")=1),IF(R40>=15,50%,IF(R40>=10,40%,IF(R40>=5,20%,0)))) -> FALSE | S41: =IF(AND(S33="1세대1주택",COUNTIF($J$34:$J$34,"거주")=1),IF(S40>=15,50%,IF(S40>=10,40%,IF(S40>=5,20%,0)))) -> FALSE | T41: =IF(AND(T33="1세대1주택",COUNTIF($J$34:$J$34,"거주")=1),IF(T40>=15,50%,IF(T40>=10,40%,IF(T40>=5,20%,0)))) -> FALSE | U41: =IF(AND(U33="1세대1주택",COUNTIF($J$34:$J$34,"거주")=1),IF(U40>=15,50%,IF(U40>=10,40%,IF(U40>=5,20%,0)))) -> FALSE | V41: =IF(AND(V33="1세대1주택",COUNTIF($J$34:$J$34,"거주")=1),IF(V40>=15,50%,IF(V40>=10,40%,IF(V40>=5,20%,0)))) -> FALSE | Y41: 거주공제(%) | Z41: =IF(AND(Z33="1세대1주택",COUNTIF($J$34:$J$34,"거주")=1),IF(Z40>=15,50%,IF(Z40>=10,40%,IF(Z40>=5,20%,0)))) -> FALSE | AA41: =IF(AND(AA33="1세대1주택",COUNTIF($J$34:$J$34,"거주")=1),IF(AA40>=15,50%,IF(AA40>=10,40%,IF(AA40>=5,20%,0)))) -> FALSE | AB41: =IF(AND(AB33="1세대1주택",COUNTIF($J$34:$J$34,"거주")=1),IF(AB40>=15,50%,IF(AB40>=10,40%,IF(AB40>=5,20%,0)))) -> FALSE | AC41: =IF(AND(AC33="1세대1주택",COUNTIF($J$34:$J$34,"거주")=1),IF(AC40>=15,50%,IF(AC40>=10,40%,IF(AC40>=5,20%,0)))) -> FALSE | AD41: =IF(AND(AD33="1세대1주택",COUNTIF($Z$34:$Z$34,"거주")=1),IF(AD40>=15,50%,IF(AD40>=10,40%,IF(AD40>=5,20%,0)))) -> FALSE | AG41: 거주공제(%) | AH41: =IF(AND(AH33="1세대1주택",COUNTIF($J$34:$J$34,"거주")=1),IF(AH40>=15,50%,IF(AH40>=10,40%,IF(AH40>=5,20%,0)))) -> FALSE | AI41: =IF(AND(AI33="1세대1주택",COUNTIF($J$34:$J$34,"거주")=1),IF(AI40>=15,50%,IF(AI40>=10,40%,IF(AI40>=5,20%,0)))) -> FALSE | AJ41: =IF(AND(AJ33="1세대1주택",COUNTIF($J$34:$J$34,"거주")=1),IF(AJ40>=15,50%,IF(AJ40>=10,40%,IF(AJ40>=5,20%,0)))) -> FALSE | AK41: =IF(AND(AK33="1세대1주택",COUNTIF($J$34:$J$34,"거주")=1),IF(AK40>=15,50%,IF(AK40>=10,40%,IF(AK40>=5,20%,0)))) -> FALSE | AL41: =IF(AND(AL33="1세대1주택",COUNTIF($Z$34:$Z$34,"거주")=1),IF(AL40>=15,50%,IF(AL40>=10,40%,IF(AL40>=5,20%,0)))) -> FALSE
A42: 연령 | B42: 66 | F42: =B42-1 -> 65 | I42: 연령(세) | J42: =B42+1 -> 67 | N42: =J42-1 -> 66 | Q42: 연령(세) | R42: =J42+1 -> 68 | V42: =R42-1 -> 67 | Y42: 연령(세) | Z42: =R42+1 -> 69 | AD42: =Z42-1 -> 68 | AG42: 연령(세) | AH42: =Z42+1 -> 70 | AL42: =AH42-1 -> 69
A43: 연령공제 | B43: =IF(B33="1세대1주택",IF(B42>=70,40%,IF(B42>=65,30%,IF(B42>=60,20%,0)))) -> FALSE | F43: =IF(F33="1세대1주택",IF(F42>=70,40%,IF(F42>=65,30%,IF(F42>=60,20%,0)))) -> FALSE | I43: 연령공제(%) | J43: =IF(J33="1세대1주택",IF(J42>=70,40%,IF(J42>=65,30%,IF(J42>=60,20%,0)))) -> FALSE | N43: =IF(N33="1세대1주택",IF(N42>=70,40%,IF(N42>=65,30%,IF(N42>=60,20%,0)))) -> FALSE | Q43: 연령공제(%) | R43: =IF(R33="1세대1주택",IF(R42>=70,40%,IF(R42>=65,30%,IF(R42>=60,20%,0)))) -> FALSE | V43: =IF(V33="1세대1주택",IF(V42>=70,40%,IF(V42>=65,30%,IF(V42>=60,20%,0)))) -> FALSE | Y43: 연령공제(%) | Z43: =IF(Z33="1세대1주택",IF(Z42>=70,40%,IF(Z42>=65,30%,IF(Z42>=60,20%,0)))) -> FALSE | AD43: =IF(AD33="1세대1주택",IF(AD42>=70,40%,IF(AD42>=65,30%,IF(AD42>=60,20%,0)))) -> FALSE | AG43: 연령공제(%) | AH43: =IF(AH33="1세대1주택",IF(AH42>=70,40%,IF(AH42>=65,30%,IF(AH42>=60,20%,0)))) -> FALSE | AL43: =IF(AL33="1세대1주택",IF(AL42>=70,40%,IF(AL42>=65,30%,IF(AL42>=60,20%,0)))) -> FALSE
A44: 세액공제율 | B44: =IF(B33="1세대1주택",MIN(80%,SUM(B43,B37)),0) -> 0 | F44: =IF(F33="1세대1주택",MIN(80%,SUM(F43,F37)),0) -> 0 | I44: 세액공제율 | J44: =IF(J33="1세대1주택",MIN(80%,J$43+MAX(J$41,J$37)),0) -> 0 | N44: =IF(N33="1세대1주택",MIN(80%,N$43+MAX(N$41,N$37)),0) -> 0 | Q44: 세액공제율 | R44: =IF(R33="1세대1주택",MIN(80%,R$43+MAX(R$41,R$37)),0) -> 0 | V44: =IF(V33="1세대1주택",MIN(80%,V$43+MAX(V$41,V$37)),0) -> 0 | Y44: 세액공제율 | Z44: =IF(Z33="1세대1주택",MIN(80%,Z$43+MAX(Z$41,Z$37)),0) -> 0 | AD44: =IF(AD33="1세대1주택",MIN(80%,AD41+AD43)) -> FALSE | AG44: 세액공제율 | AH44: =IF(AH33="1세대1주택",MIN(80%,AH$43+MAX(AH$41,AH$37)),0) -> 0 | AL44: =IF(AL33="1세대1주택",MIN(80%,AL41+AL43)) -> FALSE
A46: =A9 -> 2026 | F46: =B39 -> 중과세율 | I46: =A46+1 -> 2027 | J46: 거주용1주택 | K46: 비거주1주택 | L46: 3주택 | N46: =B39 -> 중과세율 | Q46: =I46+1 -> 2028 | R46: 거주용1주택 | S46: 비거주1주택 | T46: 3주택 | V46: =$B$4 -> 3주택 | Y46: =Q46+1 -> 2029 | Z46: 거주용1주택 | AA46: 비거주1주택 | AB46: 3주택 | AD46: =$B$4 -> 3주택 | AG46: =Y46+1 -> 2030 | AH46: 거주용1주택 | AI46: 비거주1주택 | AJ46: 3주택 | AL46: =$B$4 -> 3주택
A47: 주택공시가격 | B47: =SUMPRODUCT($B$11:$E$11,$B$35:$E$35) -> 8100000000 | F47: =F23 -> 8590000000 | I47: 주택공시가격 | J47: =SUMPRODUCT($J$11:$M$11,$J$35:$M$35) -> 9315000000 | K47: =SUMPRODUCT($J$11:$M$11,$J$35:$M$35) -> 9315000000 | L47: =SUMPRODUCT($J$11:$M$11,$J$35:$M$35) -> 9315000000 | N47: =N23 -> 8675000000 | Q47: 주택공시가격 | R47: =SUMPRODUCT($R$11:$U$11,$R$35:$U$35) -> 9315000000 | S47: =SUMPRODUCT($R$11:$U$11,$R$35:$U$35) -> 9315000000 | T47: =SUMPRODUCT($R$11:$U$11,$R$35:$U$35) -> 9315000000 | V47: =V23 -> 9976250000 | Y47: 주택공시가격 | Z47: =SUMPRODUCT($Z$11:$AC$11,$Z$35:$AC$35) -> 1.071225e+10 | AA47: =SUMPRODUCT($Z$11:$AC$11,$Z$35:$AC$35) -> 1.071225e+10 | AB47: =SUMPRODUCT($Z$11:$AC$11,$Z$35:$AC$35) -> 1.071225e+10 | AD47: =AD23 -> 9976250000 | AG47: 주택공시가격 | AH47: =SUMPRODUCT($AH$11:$AK$11,$AH$35:$AK$35) -> 1.1403256e+10 | AI47: =SUMPRODUCT($AH$11:$AK$11,$AH$35:$AK$35) -> 1.1403256e+10 | AJ47: =SUMPRODUCT($AH$11:$AK$11,$AH$35:$AK$35) -> 1.1403256e+10 | AL47: =AL23 -> 1.1472687e+10
A48: 공제금액 | B48: =IF(B33="1세대1주택",1200000000,900000000) -> 900000000 | F48: =IF(F33="1세대1주택",1200000000,900000000) -> 900000000 | I48: 공제금액 | J48: 1400000000 | K48: 900000000 | L48: =4*10^8+500000000*IFERROR(OFFSET(I11,0,MATCH("거주",J34:M34,0))/N11,0) -> 6.0172911e+08 | N48: =IF(J33="1세대1주택",1200000000,900000000) -> 900000000 | Q48: 공제금액 | R48: 1400000000 | S48: 900000000 | T48: =4*10^8+500000000*IFERROR(OFFSET(Q11,0,MATCH("거주",R34:U34,0))/V11,0) -> 6.0172911e+08 | V48: =OFFSET(I48,0,MATCH(V46,J46:L46,0)) -> 6.0172911e+08 | Y48: 공제금액 | Z48: 1400000000 | AA48: 900000000 | AB48: =4*10^8+500000000*IFERROR(OFFSET(Y11,0,MATCH("거주",Z34:AC34,0))/AD11,0) -> 6.0172911e+08 | AD48: =OFFSET(Q48,0,MATCH(AD46,R46:T46,0)) -> 6.0172911e+08 | AG48: 공제금액 | AH48: 1400000000 | AI48: 900000000 | AJ48: =4*10^8+500000000*IFERROR(OFFSET(AG11,0,MATCH("거주",AH34:AK34,0))/AL11,0) -> 6.0916524e+08 | AL48: =OFFSET(Y48,0,MATCH(AL46,Z46:AB46,0)) -> 6.0172911e+08
A49: 공제초과금액 | B49: =IF(B47>B48,B47-B48,0) -> 7200000000 | F49: =F47-F48 -> 7690000000 | I49: 공제초과금액 | J49: =IF(J47>J48,J47-J48,0) -> 7915000000 | K49: =IF(K47>K48,K47-K48,0) -> 8415000000 | L49: =IF(L47>L48,L47-L48,0) -> 8.7132709e+09 | N49: =N47-N48 -> 7775000000 | Q49: 공제초과금액 | R49: =IF(R47>R48,R47-R48,0) -> 7915000000 | S49: =IF(S47>S48,S47-S48,0) -> 8415000000 | T49: =IF(T47>T48,T47-T48,0) -> 8.7132709e+09 | V49: =V47-V48 -> 9.3745209e+09 | Y49: 공제초과금액 | Z49: =IF(Z47>Z48,Z47-Z48,0) -> 9.31225e+09 | AA49: =IF(AA47>AA48,AA47-AA48,0) -> 9.81225e+09 | AB49: =IF(AB47>AB48,AB47-AB48,0) -> 1.0110521e+10 | AD49: =AD47-AD48 -> 9.3745209e+09 | AG49: 공제초과금액 | AH49: =IF(AH47>AH48,AH47-AH48,0) -> 1.0003256e+10 | AI49: =IF(AI47>AI48,AI47-AI48,0) -> 1.0503256e+10 | AJ49: =IF(AJ47>AJ48,AJ47-AJ48,0) -> 1.0794091e+10 | AL49: =AL47-AL48 -> 1.0870958e+10
A50: 공정시장가액비율 | B50: 0.6 | F50: 0.6 | I50: 공정시장가액비율 | J50: 0.7 | K50: 0.7 | L50: 0.7 | N50: 0.6 | Q50: 공정시장가액비율 | R50: 0.7 | S50: 0.7 | T50: 0.8 | V50: =OFFSET(I50,0,MATCH(V46,J46:L46,0)) -> 0.7 | Y50: 공정시장가액비율 | Z50: 0.7 | AA50: 0.7 | AB50: 0.8 | AD50: =OFFSET(Q50,0,MATCH(AD46,R46:T46,0)) -> 0.8 | AG50: 공정시장가액비율 | AH50: 0.7 | AI50: 0.7 | AJ50: 0.8 | AL50: =OFFSET(Y50,0,MATCH(AL46,Z46:AB46,0)) -> 0.8
A51: 과세표준 | B51: =B49*B50 -> 4320000000 | F51: =F49*F50 -> 4614000000 | I51: 과세표준 | J51: =IF(J49>0,J49*J50,0) -> 5540500000 | K51: =IF(K49>0,K49*K50,0) -> 5890500000 | L51: =IF(L49>0,L49*L50,0) -> 6.0992896e+09 | N51: =N49*N50 -> 4665000000 | Q51: 과세표준 | R51: =IF(R49>0,R49*R50,0) -> 5540500000 | S51: =IF(S49>0,S49*S50,0) -> 5890500000 | T51: =IF(T49>0,T49*T50,0) -> 6.9706167e+09 | V51: =V49*V50 -> 6.5621646e+09 | Y51: 과세표준 | Z51: =IF(Z49>0,Z49*Z50,0) -> 6.518575e+09 | AA51: =IF(AA49>0,AA49*AA50,0) -> 6.868575e+09 | AB51: =IF(AB49>0,AB49*AB50,0) -> 8.0884167e+09 | AD51: =AD49*AD50 -> 7.4996167e+09 | AG51: 과세표준 | AH51: =IF(AH49>0,AH49*AH50,0) -> 7.0022794e+09 | AI51: =IF(AI49>0,AI49*AI50,0) -> 7.3522794e+09 | AJ51: =IF(AJ49>0,AJ49*AJ50,0) -> 8.6352728e+09 | AL51: =AL49*AL50 -> 8.6967667e+09
A52: 세율 | B52: {=IF(B39="기본세율", INDEX(t!$M$3:$M$9,MATCH(TRUE,$B$51<=t!$L$3:$L$9,0)), INDEX(t!$O$3:$O$9,MATCH(TRUE,$B$51<=t!$L$3:$L$9,0)))} -> 0.03 | F52: {=IF(F46="기본세율", INDEX(t!$M$3:$M$9,MATCH(TRUE,F51<=t!$L$3:$L$9,0)), INDEX(t!$O$3:$O$9,MATCH(TRUE,F51<=t!$L$3:$L$9,0)))} -> 0.03 | I52: 세율 | J52: {=INDEX(t!$M$13:$M$19,MATCH(TRUE,J51<=t!$L$13:$L$19,0))} -> 0.027 | K52: {=INDEX(t!$M$13:$M$19,MATCH(TRUE,K51<=t!$L$13:$L$19,0))} -> 0.027 | L52: {=INDEX(t!$O$13:$O$19,MATCH(TRUE,L51<=t!$L$13:$L$19,0))} -> 0.04 | N52: {=IF(N46="기본세율", INDEX(t!$M$3:$M$9,MATCH(TRUE,N51<=t!$L$3:$L$9,0)), INDEX(t!$O$3:$O$9,MATCH(TRUE,N51<=t!$L$3:$L$9,0)))} -> 0.03 | Q52: 세율 | R52: {=INDEX(t!$M$23:$M$29,MATCH(TRUE,R51<=t!$L$23:$L$29,0))} -> 0.04 | S52: {=INDEX(t!$M$23:$M$29,MATCH(TRUE,S51<=t!$L$23:$L$29,0))} -> 0.04 | T52: {=INDEX(t!$M$23:$M$29,MATCH(TRUE,T51<=t!$L$23:$L$29,0))} -> 0.04 | V52: {=INDEX(t!$O$13:$O$19,MATCH(TRUE,V51<=t!$L$13:$L$19,0))} -> 0.04 | Y52: 세율 | Z52: {=INDEX(t!$M$23:$M$29,MATCH(TRUE,Z51<=t!$L$23:$L$29,0))} -> 0.04 | AA52: {=INDEX(t!$M$23:$M$29,MATCH(TRUE,AA51<=t!$L$23:$L$29,0))} -> 0.04 | AB52: {=INDEX(t!$M$23:$M$29,MATCH(TRUE,AB51<=t!$L$23:$L$29,0))} -> 0.04 | AD52: {=INDEX(t!$M$23:$M$29,MATCH(TRUE,AD51<=t!$L$23:$L$29,0))} -> 0.04 | AG52: 세율 | AH52: {=INDEX(t!$M$23:$M$29,MATCH(TRUE,AH51<=t!$L$23:$L$29,0))} -> 0.04 | AI52: {=INDEX(t!$M$23:$M$29,MATCH(TRUE,AI51<=t!$L$23:$L$29,0))} -> 0.04 | AJ52: {=INDEX(t!$M$23:$M$29,MATCH(TRUE,AJ51<=t!$L$23:$L$29,0))} -> 0.04 | AL52: {=INDEX(t!$M$23:$M$29,MATCH(TRUE,AL51<=t!$L$23:$L$29,0))} -> 0.04
A53: 종합부동산세액 | B53: =B51*B52-VLOOKUP(B52,IF(B39="기본세율",t!$M$2:$N$9,t!$O$2:$P$9),2,0) -> 90200000 | F53: =F51*F52-VLOOKUP(F52,IF(F46="기본세율",t!$M$2:$N$9,t!$O$2:$P$9),2,0) -> 99020000 | I53: 종합부동산세액 | J53: =J51*J52-VLOOKUP(J52,t!$M$13:$N$19,2,0) -> 95493500 | K53: =K51*K52-VLOOKUP(K52,t!$M$13:$N$19,2,0) -> 104943500 | L53: =L51*L52-VLOOKUP(L52,t!$O$13:$P$19,2,0) -> 1.5637159e+08 | N53: =N51*N52-VLOOKUP(N52,IF(N46="기본세율",t!$M$2:$N$9,t!$O$2:$P$9),2,0) -> 100550000 | Q53: 종합부동산세액 | R53: =R51*R52-VLOOKUP(R52,t!$M$22:$N$29,2,0) -> 134020000 | S53: =S51*S52-VLOOKUP(S52,t!$M$22:$N$29,2,0) -> 148020000 | T53: =T51*T52-VLOOKUP(T52,t!$M$22:$N$29,2,0) -> 1.9122467e+08 | V53: =V51*V52-VLOOKUP(V52,t!$O$13:$P$19,2,0) -> 1.7488659e+08 | Y53: 종합부동산세액 | Z53: =Z51*Z52-VLOOKUP(Z52,t!$M$22:$N$29,2,0) -> 1.73143e+08 | AA53: =AA51*AA52-VLOOKUP(AA52,t!$M$22:$N$29,2,0) -> 1.87143e+08 | AB53: =AB51*AB52-VLOOKUP(AB52,t!$M$22:$N$29,2,0) -> 2.3593667e+08 | AD53: =AD51*AD52-VLOOKUP(AD52,t!$M$22:$N$29,2,0) -> 2.1238467e+08 | AG53: 종합부동산세액 | AH53: =AH51*AH52-VLOOKUP(AH52,t!$M$22:$N$29,2,0) -> 1.9249117e+08 | AI53: =AI51*AI52-VLOOKUP(AI52,t!$M$22:$N$29,2,0) -> 2.0649117e+08 | AJ53: =AJ51*AJ52-VLOOKUP(AJ52,t!$M$22:$N$29,2,0) -> 2.5781091e+08 | AL53: =AL51*AL52-VLOOKUP(AL52,t!$M$22:$N$29,2,0) -> 2.6027067e+08
A54: 공제할재산세액 | B54: =F16*(B51*F12*F14)/F15 -> 7898474.9 | F54: =F26 *F51*IF(F33="1세대1주택",45%,60%)*0.4% /(F24*0.4%-630000) -> 10026412 | I54: 공제할재산세액 | J54: =$N$16*(J51*0.6*0.4%)/$N$15 -> 11120727 | K54: =$N$16*(K51*0.6*0.4%)/$N$15 -> 11823236 | L54: =$N$16*(L51*0.6*0.4%)/$N$15 -> 12242313 | N54: =N26 *N51*IF(N33="1세대1주택",45%,60%)*0.4% /(N24*0.4%-630000) -> 10147935 | Q54: 공제할재산세액 | R54: =$V$16*(R51*0.6*0.4%)/$V$15 -> 12219187 | S54: =$V$16*(S51*0.6*0.4%)/$V$15 -> 12991088 | T54: =$V$16*(T51*0.6*0.4%)/$V$15 -> 15373210 | V54: =V26 *V51*IF(V33="1세대1주택",45%,60%)*0.4% /(V24*0.4%-630000) -> 14472398 | Y54: 공제할재산세액 | Z54: =$AD$16*(Z51*0.6*0.4%)/$AD$15 -> 13257736 | AA54: =$AD$16*(AA51*0.6*0.4%)/$AD$15 -> 13969579 | AB54: =$AD$16*(AB51*0.6*0.4%)/$AD$15 -> 16450542 | AD54: =AD26 *AD51*IF(AD33="1세대1주택",45%,60%)*0.4% /(AD24*0.4%-630000) -> 16539883 | AG54: 공제할재산세액 | AH54: =$AL$16*(AH51*0.6*0.4%)/$AL$15 -> 15400225 | AI54: =$AL$16*(AI51*0.6*0.4%)/$AL$15 -> 16169986 | AJ54: =$AL$16*(AJ51*0.6*0.4%)/$AL$15 -> 18991694 | AL54: =AL26 *AL51*IF(AL33="1세대1주택",45%,60%)*0.4% /(AL24*0.4%-630000) -> 19405994
A55: 산출세액 | B55: =B53-B54 -> 82301525 | F55: =F53-F54 -> 88993588 | I55: 산출세액 | J55: =IF(J53-J54<0,0,J53-J54) -> 84372773 | K55: =IF(K53-K54<0,0,K53-K54) -> 93120264 | L55: =IF(L53-L54<0,0,L53-L54) -> 1.4412927e+08 | N55: =N53-N54 -> 90402065 | Q55: 산출세액 | R55: =IF(R53-R54<0,0,R53-R54) -> 1.2180081e+08 | S55: =IF(S53-S54<0,0,S53-S54) -> 1.3502891e+08 | T55: =IF(T53-T54<0,0,T53-T54) -> 1.7585146e+08 | V55: =V53-V54 -> 1.6041419e+08 | Y55: 산출세액 | Z55: =IF(Z53-Z54<0,0,Z53-Z54) -> 1.5988526e+08 | AA55: =IF(AA53-AA54<0,0,AA53-AA54) -> 1.7317342e+08 | AB55: =IF(AB53-AB54<0,0,AB53-AB54) -> 2.1948613e+08 | AD55: =AD53-AD54 -> 1.9584479e+08 | AG55: 산출세액 | AH55: =IF(AH53-AH54<0,0,AH53-AH54) -> 1.7709095e+08 | AI55: =IF(AI53-AI54<0,0,AI53-AI54) -> 1.9032119e+08 | AJ55: =IF(AJ53-AJ54<0,0,AJ53-AJ54) -> 2.3881922e+08 | AL55: =AL53-AL54 -> 2.4086467e+08
A56: 세액공제 | B56: =B55*B44 -> 0 | F56: =F55*F44 -> 0 | I56: 세액공제 | J56: =MIN(8000000,J55*J44) -> 0 | K56: =MIN(8000000,K55*K44) -> 0 | L56: =MIN(8000000,L55*L44) -> 0 | N56: =MIN(8000000,N55*N44) -> 0 | Q56: 세액공제 | R56: =MIN(6000000,R55*R44) -> 0 | S56: =MIN(6000000,S55*S44) -> 0 | T56: =MIN(6000000,T55*T44) -> 0 | V56: =MIN(6000000,V55*V44) -> 0 | Y56: 세액공제 | Z56: =MIN(6000000,Z55*Z44) -> 0 | AA56: =MIN(6000000,AA55*AA44) -> 0 | AB56: =MIN(6000000,AB55*AB44) -> 0 | AD56: =MIN(6000000,AD55*AD44) -> 0 | AG56: 세액공제 | AH56: =MIN(6000000,AH55*AH44) -> 0 | AI56: =MIN(6000000,AI55*AI44) -> 0 | AJ56: =MIN(6000000,AJ55*AJ44) -> 0 | AL56: =MIN(6000000,AL55*AL44) -> 0
A57: 세액공제 후 종부세액 | B57: =B55-B56 -> 82301525 | F57: =F55-F56 -> 88993588 | I57: 세액공제 후 종부세액 | J57: =J55-J56 -> 84372773 | K57: =K55-K56 -> 93120264 | L57: =L55-L56 -> 1.4412927e+08 | N57: =N55-N56 -> 90402065 | Q57: 세액공제 후 종부세액 | R57: =R55-R56 -> 1.2180081e+08 | S57: =S55-S56 -> 1.3502891e+08 | T57: =T55-T56 -> 1.7585146e+08 | V57: =V55-V56 -> 1.6041419e+08 | Y57: 세액공제 후 종부세액 | Z57: =Z55-Z56 -> 1.5988526e+08 | AA57: =AA55-AA56 -> 1.7317342e+08 | AB57: =AB55-AB56 -> 2.1948613e+08 | AD57: =AD55-AD56 -> 1.9584479e+08 | AG57: 세액공제 후 종부세액 | AH57: =AH55-AH56 -> 1.7709095e+08 | AI57: =AI55-AI56 -> 1.9032119e+08 | AJ57: =AJ55-AJ56 -> 2.3881922e+08 | AL57: =AL55-AL56 -> 2.4086467e+08
A58: 세부담상한초과세액 | B58: =MAX(F16+B57-F28,0) -> 0 | I58: 세부담상한초과세액 | J58: =MAX($N$16+J57-$N$28,0) -> 0 | K58: =MAX($N$16+K57-$N$28,0) -> 0 | L58: =MAX($N$16+L57-$N$28,0) -> 0 | Q58: 세부담상한초과세액 | R58: =MAX($V$16+R57-$V$28,0) -> 0 | S58: =MAX($V$16+S57-$V$28,0) -> 0 | T58: =MAX($V$16+T57-$V$28,0) -> 0 | Y58: 세부담상한초과세액 | Z58: =MAX($AD$16+Z57-$AD$28,0) -> 0 | AA58: =MAX($AD$16+AA57-$AD$28,0) -> 0 | AB58: =MAX($AD$16+AB57-$AD$28,0) -> 0 | AG58: 세부담상한초과세액 | AH58: =MAX($AD$16+AH57-$AD$28,0) -> 0 | AI58: =MAX($AD$16+AI57-$AD$28,0) -> 0 | AJ58: =MAX($AD$16+AJ57-$AD$28,0) -> 0
A59: 종합부동산세 | B59: =B57-B58 -> 82301525 | I59: 종합부동산세 | J59: =J57-J58 -> 84372773 | K59: =K57-K58 -> 93120264 | L59: =L57-L58 -> 1.4412927e+08 | Q59: 종합부동산세 | R59: =R57-R58 -> 1.2180081e+08 | S59: =S57-S58 -> 1.3502891e+08 | T59: =T57-T58 -> 1.7585146e+08 | Y59: 종합부동산세 | Z59: =Z57-Z58 -> 1.5988526e+08 | AA59: =AA57-AA58 -> 1.7317342e+08 | AB59: =AB57-AB58 -> 2.1948613e+08 | AG59: 종합부동산세 | AH59: =AH57-AH58 -> 1.7709095e+08 | AI59: =AI57-AI58 -> 1.9032119e+08 | AJ59: =AJ57-AJ58 -> 2.3881922e+08
A60: 농어촌 | B60: =B59*0.2 -> 16460305 | I60: 농어촌 | J60: =J59*0.2 -> 16874555 | K60: =K59*0.2 -> 18624053 | L60: =L59*0.2 -> 28825854 | Q60: 농어촌 | R60: =R59*0.2 -> 24360163 | S60: =S59*0.2 -> 27005782 | T60: =T59*0.2 -> 35170292 | Y60: 농어촌 | Z60: =Z59*0.2 -> 31977053 | AA60: =AA59*0.2 -> 34634684 | AB60: =AB59*0.2 -> 43897225 | AG60: 농어촌 | AH60: =AH59*0.2 -> 35418190 | AI60: =AI59*0.2 -> 38064238 | AJ60: =AJ59*0.2 -> 47763844
A61: 종부세납부액 | B61: =SUM(B59:B60) -> 98761830 | I61: 종부세납부액 | J61: =SUM(J59:J60) -> 1.0124733e+08 | K61: =SUM(K59:K60) -> 1.1174432e+08 | L61: =SUM(L59:L60) -> 1.7295513e+08 | Q61: 종부세납부액 | R61: =SUM(R59:R60) -> 1.4616098e+08 | S61: =SUM(S59:S60) -> 1.6203469e+08 | T61: =SUM(T59:T60) -> 2.1102175e+08 | Y61: 종부세납부액 | Z61: =SUM(Z59:Z60) -> 1.9186232e+08 | AA61: =SUM(AA59:AA60) -> 2.078081e+08 | AB61: =SUM(AB59:AB60) -> 2.6338335e+08 | AG61: 종부세납부액 | AH61: =SUM(AH59:AH60) -> 2.1250914e+08 | AI61: =SUM(AI59:AI60) -> 2.2838543e+08 | AJ61: =SUM(AJ59:AJ60) -> 2.8658306e+08

Sheet 취득
I1: 지역구분 | J1: 주택수 | K1: 유상취득 | L1: 85 초과 | M1: 합계
A2: 취득세 산정기준 | B2: 1200000000 | I2: 조정대상지역 | J2: 1주택 | K2: 1.1~3.3% | L2: 0.002 | M2: 1.3~3.5%
I3: 조정대상지역 | J3: 2주택 | K3: 0.084 | L3: 0.006 | M3: 0.09
A4: 세율 | B4: 주택 유상취득 | E4: 조정대상지역 내(외) | G4: 주택 외 | I4: 조정대상지역 | J4: 3주택 | K4: 0.124 | L4: 0.01 | M4: 0.134
B5: 6억원 이하 | C5: 6억원~9억원 | D5: 9억원 초과 | E5: 2주택(3주택) | F5: 3주택(4주택) | I5: 일반지역 | J5: 1주택 | K5: 1.1~3.3% | L5: 0.002 | M5: 1.3~3.5%
A6: 취득세율 | B6: 0.01 | C6: =MAX(MIN((B2*2/300000000-3)/100,3%),1%) -> 0.03 | D6: 0.03 | E6: 0.08 | F6: 0.12 | G6: 0.04 | I6: 일반지역 | J6: 2주택 | K6: 1.1~3.3% | L6: 0.002 | M6: 1.3~3.5%
A7: 지방교육세율 | B7: =B6*0.5*0.2 -> 0.001 | C7: =C6*0.5*0.2 -> 0.003 | D7: =D6*0.5*0.2 -> 0.003 | E7: 0.004 | F7: 0.004 | G7: =(G6-2%)*0.2 -> 0.004 | I7: 일반지역 | J7: 3주택 | K7: 0.084 | L7: 0.006 | M7: 0.09
A8: 농어촌특별세율 | B8: 0.002 | C8: 0.002 | D8: 0.002 | E8: 0.006 | F8: 0.01 | G8: 0.002 | I8: 일반지역 | J8: 4주택 | K8: 0.124 | L8: 0.01 | M8: 0.134
A10: 취득세액: 85㎡ 이하 | B10: =$B$2*SUM(B6:B7) -> 13200000 | C10: =$B$2*SUM(C6:C7) -> 39600000 | D10: =$B$2*SUM(D6:D7) -> 39600000 | E10: =$B$2*SUM(E6:E7) -> 100800000 | F10: =$B$2*SUM(F6:F7) -> 148800000 | G10: =$B$2*SUM(G6:G7) -> 52800000 | I10: 주택수 | J10: 주택수 | K10: 상속취득 | L10: 85 초과
A11: 취득세액: 85㎡ 초과 | B11: =$B$2*SUM(B6:B8) -> 15600000 | C11: =$B$2*SUM(C6:C8) -> 42000000 | D11: =$B$2*SUM(D6:D8) -> 42000000 | E11: =$B$2*SUM(E6:E8) -> 1.08e+08 | F11: =$B$2*SUM(F6:F8) -> 160800000 | G11: =$B$2*SUM(G6:G8) -> 55200000 | J11: 무주택자 | K11: 0.0096
K12: 0.0296 | L12: 0.0316
I13: 농지 | K13: 0.0256
J15: 지역구분 | K15: 국평 | L15: 85 초과
I16: 무상취득 | J16: 일반지역 | K16: 0.038 | L16: 0.04
I17: 무상취득 | J17: 조정대상지역 | K17: 0.124 | L17: 0.134

Sheet 증여
A1: Ⅱ. 수증자 부담 예상세액
A2: 합계 | B2: =B22+B26 -> 1702860000
A4: 수증자이름 | B4: 홍상수
A5: 관계 | B5: =INDIRECT("기초!B"&(MATCH(B4,기초!$B:$B,0)+1)) -> 직계존비속
A6: 증여지분 | B6: 1
B8: 주택1
A9: 지역 | B9: =HLOOKUP(B$8,기초!$C$5:$I$16,MATCH($A9,기초!$A$5:$A$16,0),0) -> 조정대상지역
A10: 주택면적 | B10: =HLOOKUP(B$8,기초!$C$5:$I$16,MATCH($A10,기초!$A$5:$A$16,0),0) -> 국평
A13: 총금액 | B13: =기초!C9 -> 4000000000
A14: 증여재산가액 | B14: =B6*B13 -> 4000000000
A15: 사전증여재산 | B15: =SUMIF(기초!$A:$A,B4,기초!$S:$S) -> 0
A16: 합계 | B16: =B14-B15 -> 4000000000
A17: 증여재산공제 | B17: =VLOOKUP(B5,t!$AR$2:$AS$5,2,0) -> 50000000
A18: 과세표준 | B18: =B16-B17 -> 3950000000
A19: 세율 | B19: {=INDEX(t!$AW$3:$AW$7,MATCH(TRUE,B18<=t!$AV$3:$AV$7,0))} -> 0.5
A20: 산출세액 | B20: =B18*B19-VLOOKUP(B19,t!$AW$3:$AX$7,2,0) -> 1515000000
A21: 증여세액공제 | B21: =SUMIF(기초!$A:$A,B14,기초!$T:$T) -> 0
A22: 증여세 | B22: =B20-B21 -> 1515000000
A25: 취득세율 등 | B25: =OFFSET(취득!$J$15,MATCH($B9,취득!$J$16:$J$17,0),MATCH(B10,취득!$K$15:$L$15,0)) -> 0.124
A26: 취득세 | B26: =B22*B25 -> 187860000

Sheet 양도
A1: 참고용 | B1: 참고용 | C1: 참고용 | D1: 참고용 | F1: 소유자1 | G1: 2026년 비과세 | M1: 2027년 비과세 | S1: 2028년 비과세
F2: 현행법 | L2: 기본공제확대 | R2: 장특공한도 | S2: 2000000000 | T2: 2000000000 | U2: 2000000000 | V2: 2000000000 | X2: 장특공한도 | Y2: 1000000000 | Z2: 1000000000 | AA2: 1000000000 | AB2: 1000000000
A3: 주택1 | B3: 주택1 | C3: 주택1 | D3: 주택1 | F3: 2026 | G3: 주택1 | H3: 주택2 | I3: 주택3 | J3: 주택4 | L3: 2027 | M3: =G3 -> 주택1 | N3: =H3 -> 주택2 | O3: =I3 -> 주택3 | P3: =J3 -> 주택4 | R3: 2028 | S3: =M3 -> 주택1 | T3: =N3 -> 주택2 | U3: =O3 -> 주택3 | V3: =P3 -> 주택4 | X3: 2029 | Y3: =S3 -> 주택1 | Z3: =T3 -> 주택2 | AA3: =U3 -> 주택3 | AB3: =V3 -> 주택4
A4: 1세대1주택 | G4: 1세대1주택 | H4: 주택 | I4: 2주택 | J4: 3주택 | L4: 부부 | M4: 1세대1주택 | N4: 주택 | O4: 2주택 | P4: 3주택 | S4: 1세대1주택 | T4: 주택 | U4: 2주택 | V4: 3주택 | X4: 부부 | Y4: 1세대1주택 | Z4: 주택 | AA4: 2주택 | AB4: 3주택
F5: 지역 | G5: =HLOOKUP(G$3,기초!$C$5:$I$16,MATCH($F5,기초!$A$5:$A$16,0),0) -> 조정대상지역 | H5: =HLOOKUP(H$3,기초!$C$5:$I$16,MATCH($F5,기초!$A$5:$A$16,0),0) -> 조정대상지역 | I5: =HLOOKUP(I$3,기초!$C$5:$I$16,MATCH($F5,기초!$A$5:$A$16,0),0) -> 일반지역 | J5: =HLOOKUP(J$3,기초!$C$5:$I$16,MATCH($F5,기초!$A$5:$A$16,0),0) -> 일반지역 | L5: 지역 | M5: =HLOOKUP(M$3,기초!$C$5:$I$16,MATCH($F5,기초!$A$5:$A$16,0),0) -> 조정대상지역 | N5: =HLOOKUP(N$3,기초!$C$5:$I$16,MATCH($F5,기초!$A$5:$A$16,0),0) -> 조정대상지역 | O5: =HLOOKUP(O$3,기초!$C$5:$I$16,MATCH($F5,기초!$A$5:$A$16,0),0) -> 일반지역 | P5: =HLOOKUP(P$3,기초!$C$5:$I$16,MATCH($F5,기초!$A$5:$A$16,0),0) -> 일반지역 | R5: 지역 | S5: =HLOOKUP(S$3,기초!$C$5:$I$16,MATCH($F5,기초!$A$5:$A$16,0),0) -> 조정대상지역 | T5: =HLOOKUP(T$3,기초!$C$5:$I$16,MATCH($F5,기초!$A$5:$A$16,0),0) -> 조정대상지역 | U5: =HLOOKUP(U$3,기초!$C$5:$I$16,MATCH($F5,기초!$A$5:$A$16,0),0) -> 일반지역 | V5: =HLOOKUP(V$3,기초!$C$5:$I$16,MATCH($F5,기초!$A$5:$A$16,0),0) -> 일반지역 | X5: 지역 | Y5: =HLOOKUP(Y$3,기초!$C$5:$I$16,MATCH($F5,기초!$A$5:$A$16,0),0) -> 조정대상지역 | Z5: =HLOOKUP(Z$3,기초!$C$5:$I$16,MATCH($F5,기초!$A$5:$A$16,0),0) -> 조정대상지역 | AA5: =HLOOKUP(AA$3,기초!$C$5:$I$16,MATCH($F5,기초!$A$5:$A$16,0),0) -> 일반지역 | AB5: =HLOOKUP(AB$3,기초!$C$5:$I$16,MATCH($F5,기초!$A$5:$A$16,0),0) -> 일반지역
A6: =HLOOKUP(A$3,기초!$C$5:$I$16,MATCH($F6,기초!$A$5:$A$16,0),0) -> 15 | B6: =HLOOKUP(B$3,기초!$C$5:$I$16,MATCH($F6,기초!$A$5:$A$16,0),0) -> 15 | C6: =HLOOKUP(C$3,기초!$C$5:$I$16,MATCH($F6,기초!$A$5:$A$16,0),0) -> 15 | D6: =HLOOKUP(D$3,기초!$C$5:$I$16,MATCH($F6,기초!$A$5:$A$16,0),0) -> 15 | F6: 보유기간 | G6: =HLOOKUP(G$3,기초!$C$5:$I$16,MATCH($F6,기초!$A$5:$A$16,0),0) -> 15 | H6: =HLOOKUP(H$3,기초!$C$5:$I$16,MATCH($F6,기초!$A$5:$A$16,0),0) -> 4 | I6: =HLOOKUP(I$3,기초!$C$5:$I$16,MATCH($F6,기초!$A$5:$A$16,0),0) -> 5 | J6: =HLOOKUP(J$3,기초!$C$5:$I$16,MATCH($F6,기초!$A$5:$A$16,0),0) -> 6 | L6: 보유 | M6: =G6+1 -> 16 | N6: =H6+1 -> 5 | O6: =I6+1 -> 6 | P6: =J6+1 -> 7 | R6: 보유 | S6: =M6+1 -> 17 | T6: =N6+1 -> 6 | U6: =O6+1 -> 7 | V6: =P6+1 -> 8 | X6: 보유 | Y6: =S6+1 -> 18 | Z6: =T6+1 -> 7 | AA6: =U6+1 -> 8 | AB6: =V6+1 -> 9
A7: =HLOOKUP(A$3,기초!$C$5:$I$16,MATCH($F7,기초!$A$5:$A$16,0),0) -> 10 | B7: =HLOOKUP(B$3,기초!$C$5:$I$16,MATCH($F7,기초!$A$5:$A$16,0),0) -> 10 | C7: =HLOOKUP(C$3,기초!$C$5:$I$16,MATCH($F7,기초!$A$5:$A$16,0),0) -> 10 | D7: =HLOOKUP(D$3,기초!$C$5:$I$16,MATCH($F7,기초!$A$5:$A$16,0),0) -> 10 | F7: 거주기간 | G7: =HLOOKUP(G$3,기초!$C$5:$I$16,MATCH($F7,기초!$A$5:$A$16,0),0) -> 10 | H7: =HLOOKUP(H$3,기초!$C$5:$I$16,MATCH($F7,기초!$A$5:$A$16,0),0) -> 4 | I7: =HLOOKUP(I$3,기초!$C$5:$I$16,MATCH($F7,기초!$A$5:$A$16,0),0) -> 4 | J7: =HLOOKUP(J$3,기초!$C$5:$I$16,MATCH($F7,기초!$A$5:$A$16,0),0) -> 3 | L7: 거주 | M7: =G7+1 -> 11 | N7: =H7+1 -> 5 | O7: =I7+1 -> 5 | P7: =J7+1 -> 4 | R7: 거주 | S7: =M7+1 -> 12 | T7: =N7+1 -> 6 | U7: =O7+1 -> 6 | V7: =P7+1 -> 5 | X7: 거주 | Y7: =S7+1 -> 13 | Z7: =T7+1 -> 7 | AA7: =U7+1 -> 7 | AB7: =V7+1 -> 6
A8: 기본세율 | B8: 기본세율 | C8: 기본세율+20% | D8: 기본세율+30% | F8: 적용세율 | G8: =IF(AND(G4="3주택",G5="조정대상지역"),"기본세율+30%",IF(G4="비사토","기본세율+10%",IF(AND(G4="2주택",G5="조정대상지역"),"기본세율+20%","기본세율"))) -> 기본세율 | H8: =IF(AND(H4="3주택",H5="조정대상지역"),"기본세율+30%",IF(H4="비사토","기본세율+10%",IF(AND(H4="2주택",H5="조정대상지역"),"기본세율+20%","기본세율"))) -> 기본세율 | I8: =IF(AND(I4="3주택",I5="조정대상지역"),"기본세율+30%",IF(I4="비사토","기본세율+10%",IF(AND(I4="2주택",I5="조정대상지역"),"기본세율+20%","기본세율"))) -> 기본세율 | J8: =IF(AND(J4="3주택",J5="조정대상지역"),"기본세율+30%",IF(J4="비사토","기본세율+10%",IF(AND(J4="2주택",J5="조정대상지역"),"기본세율+20%","기본세율"))) -> 기본세율 | L8: 적용세율 | M8: =IF(AND(M4="3주택",M5="조정대상지역"),"기본세율+30%",IF(M4="비사토","기본세율+10%",IF(AND(M4="2주택",M5="조정대상지역"),"기본세율+20%","기본세율"))) -> 기본세율 | N8: =IF(AND(N4="3주택",N5="조정대상지역"),"기본세율+30%",IF(N4="비사토","기본세율+10%",IF(AND(N4="2주택",N5="조정대상지역"),"기본세율+20%","기본세율"))) -> 기본세율 | O8: =IF(AND(O4="3주택",O5="조정대상지역"),"기본세율+30%",IF(O4="비사토","기본세율+10%",IF(AND(O4="2주택",O5="조정대상지역"),"기본세율+20%","기본세율"))) -> 기본세율 | P8: =IF(AND(P4="3주택",P5="조정대상지역"),"기본세율+30%",IF(P4="비사토","기본세율+10%",IF(AND(P4="2주택",P5="조정대상지역"),"기본세율+20%","기본세율"))) -> 기본세율 | R8: 적용세율 | S8: =IF(AND(S4="3주택",S5="조정대상지역"),"기본세율+30%",IF(S4="비사토","기본세율+10%",IF(AND(S4="2주택",S5="조정대상지역"),"기본세율+20%","기본세율"))) -> 기본세율 | T8: =IF(AND(T4="3주택",T5="조정대상지역"),"기본세율+30%",IF(T4="비사토","기본세율+10%",IF(AND(T4="2주택",T5="조정대상지역"),"기본세율+20%","기본세율"))) -> 기본세율 | U8: =IF(AND(U4="3주택",U5="조정대상지역"),"기본세율+30%",IF(U4="비사토","기본세율+10%",IF(AND(U4="2주택",U5="조정대상지역"),"기본세율+20%","기본세율"))) -> 기본세율 | V8: =IF(AND(V4="3주택",V5="조정대상지역"),"기본세율+30%",IF(V4="비사토","기본세율+10%",IF(AND(V4="2주택",V5="조정대상지역"),"기본세율+20%","기본세율"))) -> 기본세율 | X8: 적용세율 | Y8: =IF(AND(Y4="3주택",Y5="조정대상지역"),"기본세율+30%",IF(Y4="비사토","기본세율+10%",IF(AND(Y4="2주택",Y5="조정대상지역"),"기본세율+20%","기본세율"))) -> 기본세율 | Z8: =IF(AND(Z4="3주택",Z5="조정대상지역"),"기본세율+30%",IF(Z4="비사토","기본세율+10%",IF(AND(Z4="2주택",Z5="조정대상지역"),"기본세율+20%","기본세율"))) -> 기본세율 | AA8: =IF(AND(AA4="3주택",AA5="조정대상지역"),"기본세율+30%",IF(AA4="비사토","기본세율+10%",IF(AND(AA4="2주택",AA5="조정대상지역"),"기본세율+20%","기본세율"))) -> 기본세율 | AB8: =IF(AND(AB4="3주택",AB5="조정대상지역"),"기본세율+30%",IF(AB4="비사토","기본세율+10%",IF(AND(AB4="2주택",AB5="조정대상지역"),"기본세율+20%","기본세율"))) -> 기본세율
A9: =HLOOKUP(A$3,기초!$C$5:$I$16,MATCH($F9,기초!$A$5:$A$16,0),0) -> 1 | B9: =HLOOKUP(B$3,기초!$C$5:$I$16,MATCH($F9,기초!$A$5:$A$16,0),0) -> 1 | C9: =HLOOKUP(C$3,기초!$C$5:$I$16,MATCH($F9,기초!$A$5:$A$16,0),0) -> 1 | D9: =HLOOKUP(D$3,기초!$C$5:$I$16,MATCH($F9,기초!$A$5:$A$16,0),0) -> 1 | F9: 보유지분 | G9: =HLOOKUP(G$3,기초!$C$5:$I$16,MATCH($F9,기초!$A$5:$A$16,0),0) -> 1 | H9: =HLOOKUP(H$3,기초!$C$5:$I$16,MATCH($F9,기초!$A$5:$A$16,0),0) -> 0.5 | I9: =HLOOKUP(I$3,기초!$C$5:$I$16,MATCH($F9,기초!$A$5:$A$16,0),0) -> 1 | J9: =HLOOKUP(J$3,기초!$C$5:$I$16,MATCH($F9,기초!$A$5:$A$16,0),0) -> 1 | L9: 매도지분 | M9: =HLOOKUP(M$3,기초!$C$5:$I$16,MATCH($F9,기초!$A$5:$A$16,0),0) -> 1 | N9: =HLOOKUP(N$3,기초!$C$5:$I$16,MATCH($F9,기초!$A$5:$A$16,0),0) -> 0.5 | O9: =HLOOKUP(O$3,기초!$C$5:$I$16,MATCH($F9,기초!$A$5:$A$16,0),0) -> 1 | P9: =HLOOKUP(P$3,기초!$C$5:$I$16,MATCH($F9,기초!$A$5:$A$16,0),0) -> 1 | R9: 매도지분 | S9: =HLOOKUP(S$3,기초!$C$5:$I$16,MATCH($F9,기초!$A$5:$A$16,0),0) -> 1 | T9: =HLOOKUP(T$3,기초!$C$5:$I$16,MATCH($F9,기초!$A$5:$A$16,0),0) -> 0.5 | U9: =HLOOKUP(U$3,기초!$C$5:$I$16,MATCH($F9,기초!$A$5:$A$16,0),0) -> 1 | V9: =HLOOKUP(V$3,기초!$C$5:$I$16,MATCH($F9,기초!$A$5:$A$16,0),0) -> 1 | X9: 매도지분 | Y9: =HLOOKUP(Y$3,기초!$C$5:$I$16,MATCH($F9,기초!$A$5:$A$16,0),0) -> 1 | Z9: =HLOOKUP(Z$3,기초!$C$5:$I$16,MATCH($F9,기초!$A$5:$A$16,0),0) -> 0.5 | AA9: =HLOOKUP(AA$3,기초!$C$5:$I$16,MATCH($F9,기초!$A$5:$A$16,0),0) -> 1 | AB9: =HLOOKUP(AB$3,기초!$C$5:$I$16,MATCH($F9,기초!$A$5:$A$16,0),0) -> 1
L10: 동일주택분할매도 | R10: 동일주택분할매도 | X10: 동일주택분할매도
A12: =HLOOKUP(A$3,기초!$C$5:$I$16,MATCH($F12,기초!$A$5:$A$16,0),0) -> 4000000000 | B12: =HLOOKUP(B$3,기초!$C$5:$I$16,MATCH($F12,기초!$A$5:$A$16,0),0) -> 4000000000 | C12: =HLOOKUP(C$3,기초!$C$5:$I$16,MATCH($F12,기초!$A$5:$A$16,0),0) -> 4000000000 | D12: =HLOOKUP(D$3,기초!$C$5:$I$16,MATCH($F12,기초!$A$5:$A$16,0),0) -> 4000000000 | F12: 감정평가 | G12: =HLOOKUP(G$3,기초!$C$5:$I$16,MATCH($F12,기초!$A$5:$A$16,0),0) -> 4000000000 | H12: =HLOOKUP(H$3,기초!$C$5:$I$16,MATCH($F12,기초!$A$5:$A$16,0),0) -> 1300000000 | I12: =HLOOKUP(I$3,기초!$C$5:$I$16,MATCH($F12,기초!$A$5:$A$16,0),0) -> 2000000000 | J12: =HLOOKUP(J$3,기초!$C$5:$I$16,MATCH($F12,기초!$A$5:$A$16,0),0) -> 2500000000 | L12: 감정평가 | M12: =G12 -> 4000000000 | N12: =H12 -> 1300000000 | O12: =I12 -> 2000000000 | P12: =J12 -> 2500000000 | R12: 감정평가 | S12: =M12 -> 4000000000 | T12: =N12 -> 1300000000 | U12: =O12 -> 2000000000 | V12: =P12 -> 2500000000 | X12: 감정평가 | Y12: =S12 -> 4000000000 | Z12: =T12 -> 1300000000 | AA12: =U12 -> 2000000000 | AB12: =V12 -> 2500000000
A13: =A9*A12 -> 4000000000 | B13: =B9*B12 -> 4000000000 | C13: =C9*C12 -> 4000000000 | D13: =D9*D12 -> 4000000000 | F13: 양도가액 | G13: =G12 -> 4000000000 | H13: =H12 -> 1300000000 | I13: =I12 -> 2000000000 | J13: =J12 -> 2500000000 | L13: 양도가액 | M13: =M12 -> 4000000000 | N13: =N12 -> 1300000000 | O13: =O12 -> 2000000000 | P13: =P12 -> 2500000000 | R13: 양도가액 | S13: =S12 -> 4000000000 | T13: =T12 -> 1300000000 | U13: =U12 -> 2000000000 | V13: =V12 -> 2500000000 | X13: 양도가액 | Y13: =Y12 -> 4000000000 | Z13: =Z12 -> 1300000000 | AA13: =AA12 -> 2000000000 | AB13: =AB12 -> 2500000000
A14: =HLOOKUP(A$3,기초!$C$5:$I$16,MATCH($F14,기초!$A$5:$A$16,0),0) -> 1000000000 | B14: =HLOOKUP(B$3,기초!$C$5:$I$16,MATCH($F14,기초!$A$5:$A$16,0),0) -> 1000000000 | C14: =HLOOKUP(C$3,기초!$C$5:$I$16,MATCH($F14,기초!$A$5:$A$16,0),0) -> 1000000000 | D14: =HLOOKUP(D$3,기초!$C$5:$I$16,MATCH($F14,기초!$A$5:$A$16,0),0) -> 1000000000 | F14: 취득가액 | G14: =HLOOKUP(G$3,기초!$C$5:$I$16,MATCH($F14,기초!$A$5:$A$16,0),0) -> 1000000000 | H14: =HLOOKUP(H$3,기초!$C$5:$I$16,MATCH($F14,기초!$A$5:$A$16,0),0) -> 700000000 | I14: =HLOOKUP(I$3,기초!$C$5:$I$16,MATCH($F14,기초!$A$5:$A$16,0),0) -> 1500000000 | J14: =HLOOKUP(J$3,기초!$C$5:$I$16,MATCH($F14,기초!$A$5:$A$16,0),0) -> 2000000000 | L14: 취득가액 | M14: =G14 -> 1000000000 | N14: =H14 -> 700000000 | O14: =I14 -> 1500000000 | P14: =J14 -> 2000000000 | R14: 취득가액 | S14: =M14 -> 1000000000 | T14: =N14 -> 700000000 | U14: =O14 -> 1500000000 | V14: =P14 -> 2000000000 | X14: 취득가액 | Y14: =S14 -> 1000000000 | Z14: =T14 -> 700000000 | AA14: =U14 -> 1500000000 | AB14: =V14 -> 2000000000
A15: =A13-A14 -> 3000000000 | B15: =B13-B14 -> 3000000000 | C15: =C13-C14 -> 3000000000 | D15: =D13-D14 -> 3000000000 | F15: 양도차익 | G15: =G13-G14 -> 3000000000 | H15: =H13-H14 -> 600000000 | I15: =I13-I14 -> 500000000 | J15: =J13-J14 -> 500000000 | L15: 양도차익 | M15: =M13-M14 -> 3000000000 | N15: =N13-N14 -> 600000000 | O15: =O13-O14 -> 500000000 | P15: =P13-P14 -> 500000000 | R15: 양도차익 | S15: =S13-S14 -> 3000000000 | T15: =T13-T14 -> 600000000 | U15: =U13-U14 -> 500000000 | V15: =V13-V14 -> 500000000 | X15: 양도차익 | Y15: =Y13-Y14 -> 3000000000 | Z15: =Z13-Z14 -> 600000000 | AA15: =AA13-AA14 -> 500000000 | AB15: =AB13-AB14 -> 500000000
A16: =IF(A4="1세대1주택",MAX(0,A15*(A13-1200000000)/A13),A15)*A9 -> 2100000000 | B16: =IF(B4="1세대1주택",MAX(0,B15*(B13-1200000000)/B13),B15)*B9 -> 3000000000 | C16: =IF(C4="1세대1주택",MAX(0,C15*(C13-1200000000)/C13),C15)*C9 -> 3000000000 | D16: =IF(D4="1세대1주택",MAX(0,D15*(D13-1200000000)/D13),D15)*D9 -> 3000000000 | F16: 과세대상 양도차익(지분) | G16: =IF(G4="1세대1주택",MAX(0,G15*(G13-1200000000)/G13),G15)*G9 -> 2100000000 | H16: =IF(H4="1세대1주택",MAX(0,H15*(H13-1200000000)/H13),H15)*H9 -> 300000000 | I16: =IF(I4="1세대1주택",MAX(0,I15*(I13-1200000000)/I13),I15)*I9 -> 500000000 | J16: =IF(J4="1세대1주택",MAX(0,J15*(J13-1200000000)/J13),J15)*J9 -> 500000000 | L16: 과세대상 양도차익(지분) | M16: =IF(M4="1세대1주택",MAX(0,M15*(M13-1200000000)/M13),M15)*M9 -> 2100000000 | N16: =IF(N4="1세대1주택",MAX(0,N15*(N13-1200000000)/N13),N15)*N9 -> 300000000 | O16: =IF(O4="1세대1주택",MAX(0,O15*(O13-1200000000)/O13),O15)*O9 -> 500000000 | P16: =IF(P4="1세대1주택",MAX(0,P15*(P13-1200000000)/P13),P15)*P9 -> 500000000 | R16: 과세대상 양도차익(지분) | S16: =IF(S4="1세대1주택",MAX(0,S15*(S13-1200000000)/S13),S15)*S9 -> 2100000000 | T16: =IF(T4="1세대1주택",MAX(0,T15*(T13-1200000000)/T13),T15)*T9 -> 300000000 | U16: =IF(U4="1세대1주택",MAX(0,U15*(U13-1200000000)/U13),U15)*U9 -> 500000000 | V16: =IF(V4="1세대1주택",MAX(0,V15*(V13-1200000000)/V13),V15)*V9 -> 500000000 | X16: 과세대상 양도차익(지분) | Y16: =IF(Y4="1세대1주택",MAX(0,Y15*(Y13-1200000000)/Y13),Y15)*Y9 -> 2100000000 | Z16: =IF(Z4="1세대1주택",MAX(0,Z15*(Z13-1200000000)/Z13),Z15)*Z9 -> 300000000 | AA16: =IF(AA4="1세대1주택",MAX(0,AA15*(AA13-1200000000)/AA13),AA15)*AA9 -> 500000000 | AB16: =IF(AB4="1세대1주택",MAX(0,AB15*(AB13-1200000000)/AB13),AB15)*AB9 -> 500000000
A17: =IF(A6>=3,IF(AND(A4="1세대1주택",A7>=2),MIN(40%,A6*4%)+MIN(40%,A7*4%),IF(A8="기본세율",MIN(30%,A6*2%),0))) -> 0.8 | B17: =IF(B6>=3,IF(AND(B4="1세대1주택",B7>=2),MIN(40%,B6*4%)+MIN(40%,B7*4%),IF(B8="기본세율",MIN(30%,B6*2%),0))) -> 0.3 | C17: =IF(C6>=3,IF(AND(C4="1세대1주택",C7>=2),MIN(40%,C6*4%)+MIN(40%,C7*4%),IF(C8="기본세율",MIN(30%,C6*2%),0))) -> 0 | D17: =IF(D6>=3,IF(AND(D4="1세대1주택",D7>=2),MIN(40%,D6*4%)+MIN(40%,D7*4%),IF(D8="기본세율",MIN(30%,D6*2%),0))) -> 0 | F17: 장기보유특별공제 | G17: =IF(G6>=3,IF(AND(G4="1세대1주택",G7>=2),MIN(40%,G6*4%)+MIN(40%,G7*4%),IF(G8="기본세율",MIN(30%,G6*2%),0))) -> 0.8 | H17: =IF(H6>=3,IF(AND(H4="1세대1주택",H7>=2),MIN(40%,H6*4%)+MIN(40%,H7*4%),IF(H8="기본세율",MIN(30%,H6*2%),0))) -> 0.08 | I17: =IF(I6>=3,IF(AND(I4="1세대1주택",I7>=2),MIN(40%,I6*4%)+MIN(40%,I7*4%),IF(I8="기본세율",MIN(30%,I6*2%),0))) -> 0.1 | J17: =IF(J6>=3,IF(AND(J4="1세대1주택",J7>=2),MIN(40%,J6*4%)+MIN(40%,J7*4%),IF(J8="기본세율",MIN(30%,J6*2%),0))) -> 0.12 | L17: 장기거주특별공제 | M17: =IF(M6>=3,IF(AND(M4="1세대1주택",M7>=2),MIN(40%,M6*4%)+MIN(40%,M7*4%),IF(M8="기본세율",MIN(30%,M6*2%),0))) -> 0.8 | N17: =IF(N6>=3,IF(AND(N4="1세대1주택",N7>=2),MIN(40%,N6*4%)+MIN(40%,N7*4%),IF(N8="기본세율",MIN(30%,N6*2%),0))) -> 0.1 | O17: =IF(O6>=3,IF(AND(O4="1세대1주택",O7>=2),MIN(40%,O6*4%)+MIN(40%,O7*4%),IF(O8="기본세율",MIN(30%,O6*2%),0))) -> 0.12 | P17: =IF(P6>=3,IF(AND(P4="1세대1주택",P7>=2),MIN(40%,P6*4%)+MIN(40%,P7*4%),IF(P8="기본세율",MIN(30%,P6*2%),0))) -> 0.14 | R17: 장기거주특별공제 | S17: =IF(S6>=3,IF(AND(S4="1세대1주택",S7>=2),MIN(20%,S6*2%)+MIN(60%,S7*6%),IF(S8="기본세율",MAX(MIN(15%,S6*1%),MIN(30%,S7*2%)),0))) -> 0.8 | T17: =IF(T6>=3,IF(AND(T4="1세대1주택",T7>=2),MIN(20%,T6*2%)+MIN(60%,T7*6%),IF(T8="기본세율",MAX(MIN(15%,T6*1%),MIN(30%,T7*2%)),0))) -> 0.12 | U17: =IF(U6>=3,IF(AND(U4="1세대1주택",U7>=2),MIN(20%,U6*2%)+MIN(60%,U7*6%),IF(U8="기본세율",MAX(MIN(15%,U6*1%),MIN(30%,U7*2%)),0))) -> 0.12 | V17: =IF(V6>=3,IF(AND(V4="1세대1주택",V7>=2),MIN(20%,V6*2%)+MIN(60%,V7*6%),IF(V8="기본세율",MAX(MIN(15%,V6*1%),MIN(30%,V7*2%)),0))) -> 0.1 | X17: 장기거주특별공제 | Y17: =IF(Y6>=3,IF(AND(Y4="1세대1주택",Y7>=2),MIN(80%,Y7*8%),IF(Y8="기본세율",MIN(30%,Y7*2%),0))) -> 0.8 | Z17: =IF(Z6>=3,IF(AND(Z4="1세대1주택",Z7>=2),MIN(80%,Z7*8%),IF(Z8="기본세율",MIN(30%,Z7*2%),0))) -> 0.14 | AA17: =IF(AA6>=3,IF(AND(AA4="1세대1주택",AA7>=2),MIN(80%,AA7*8%),IF(AA8="기본세율",MIN(30%,AA7*2%),0))) -> 0.14 | AB17: =IF(AB6>=3,IF(AND(AB4="1세대1주택",AB7>=2),MIN(80%,AB7*8%),IF(AB8="기본세율",MIN(30%,AB7*2%),0))) -> 0.12
A18: =A16*(1-A17) -> 4.2e+08 | B18: =B16*(1-B17) -> 2.1e+09 | C18: =C16*(1-C17) -> 3000000000 | D18: =D16*(1-D17) -> 3000000000 | F18: 소득금액 | G18: =G16*(1-G17) -> 4.2e+08 | H18: =H16*(1-H17) -> 276000000 | I18: =I16*(1-I17) -> 450000000 | J18: =J16*(1-J17) -> 440000000 | L18: 소득금액 | M18: =M16*(1-M17) -> 4.2e+08 | N18: =N16*(1-N17) -> 270000000 | O18: =O16*(1-O17) -> 440000000 | P18: =P16*(1-P17) -> 430000000 | R18: 소득금액 | S18: =S16-MIN(S2,S16*S17) -> 420000000 | T18: =T16-MIN(T2,T16*T17) -> 264000000 | U18: =U16-MIN(U2,U16*U17) -> 440000000 | V18: =V16-MIN(V2,V16*V17) -> 450000000 | X18: 소득금액 | Y18: =Y16-MIN(Y2,Y16*Y17) -> 1100000000 | Z18: =Z16-MIN(Z2,Z16*Z17) -> 258000000 | AA18: =AA16-MIN(AA2,AA16*AA17) -> 430000000 | AB18: =AB16-MIN(AB2,AB16*AB17) -> 440000000
A19: 2500000 | B19: 2500001 | C19: 2500000 | D19: 2500000 | F19: 기본공제 | G19: 2500000 | H19: 2500000 | I19: 2500000 | J19: 2500000 | L19: 기본공제 | M19: =IF(AND(M4="1세대1주택",M7>=10,M12<=3*10^9),25*10^6*IF($L$4="부부",IF(M10=TRUE,M9,1),M9),2500000) -> 2500000 | N19: =IF(AND(N4="1세대1주택",N7>=10,N12<=3*10^9),25*10^6*IF($L$4="부부",IF(N10=TRUE,N9,1),N9),2500000) -> 2500000 | O19: =IF(AND(O4="1세대1주택",O7>=10,O12<=3*10^9),25*10^6*IF($L$4="부부",IF(O10=TRUE,O9,1),O9),2500000) -> 2500000 | P19: =IF(AND(P4="1세대1주택",P7>=10,P12<=3*10^9),25*10^6*IF($L$4="부부",IF(P10=TRUE,P9,1),P9),2500000) -> 2500000 | R19: 기본공제 | S19: =IF(AND(S4="1세대1주택",S7>=10,S12<=3*10^9),25*10^6*IF($R$4="부부",IF(S10=TRUE,S9,1),S9),2500000) -> 2500000 | T19: =IF(AND(T4="1세대1주택",T7>=10,T12<=3*10^9),25*10^6*IF($R$4="부부",IF(T10=TRUE,T9,1),T9),2500000) -> 2500000 | U19: =IF(AND(U4="1세대1주택",U7>=10,U12<=3*10^9),25*10^6*IF($R$4="부부",IF(U10=TRUE,U9,1),U9),2500000) -> 2500000 | V19: =IF(AND(V4="1세대1주택",V7>=10,V12<=3*10^9),25*10^6*IF($R$4="부부",IF(V10=TRUE,V9,1),V9),2500000) -> 2500000 | X19: 기본공제 | Y19: =IF(AND(Y4="1세대1주택",Y7>=10,Y12<=3*10^9),25*10^6*IF($X$4="부부",IF(Y10=TRUE,Y9,1),Y9),2500000) -> 2500000 | Z19: =IF(AND(Z4="1세대1주택",Z7>=10,Z12<=3*10^9),25*10^6*IF($X$4="부부",IF(Z10=TRUE,Z9,1),Z9),2500000) -> 2500000 | AA19: =IF(AND(AA4="1세대1주택",AA7>=10,AA12<=3*10^9),25*10^6*IF($X$4="부부",IF(AA10=TRUE,AA9,1),AA9),2500000) -> 2500000 | AB19: =IF(AND(AB4="1세대1주택",AB7>=10,AB12<=3*10^9),25*10^6*IF($X$4="부부",IF(AB10=TRUE,AB9,1),AB9),2500000) -> 2500000
A20: =A18-A19 -> 4.175e+08 | B20: =B18-B19 -> 2.0975e+09 | C20: =C18-C19 -> 2997500000 | D20: =D18-D19 -> 2997500000 | F20: 과세표준 | G20: =G18-G19 -> 4.175e+08 | H20: =H18-H19 -> 273500000 | I20: =I18-I19 -> 447500000 | J20: =J18-J19 -> 437500000 | L20: 과세표준 | M20: =M18-M19 -> 4.175e+08 | N20: =N18-N19 -> 267500000 | O20: =O18-O19 -> 437500000 | P20: =P18-P19 -> 427500000 | R20: 과세표준 | S20: =S18-S19 -> 417500000 | T20: =T18-T19 -> 261500000 | U20: =U18-U19 -> 437500000 | V20: =V18-V19 -> 447500000 | X20: 과세표준 | Y20: =Y18-Y19 -> 1097500000 | Z20: =Z18-Z19 -> 255500000 | AA20: =AA18-AA19 -> 427500000 | AB20: =AB18-AB19 -> 437500000
A21: {=INDEX(t!$AB$3:$AJ$10,MIN(ROWS(t!$AB$3:$AB$10),IF(A20<=t!$AB$3,1,MATCH(A20-1,t!$AB$3:$AB$10,1)+1)),MATCH(A8,{"기본세율","기본세율+10%","기본세율+20%","기본세율+30%"},0)*2)} -> 0.4 | B21: {=INDEX(t!$AB$3:$AJ$10,MIN(ROWS(t!$AB$3:$AB$10),IF(B20<=t!$AB$3,1,MATCH(B20-1,t!$AB$3:$AB$10,1)+1)),MATCH(B8,{"기본세율","기본세율+10%","기본세율+20%","기본세율+30%"},0)*2)} -> 0.45 | C21: {=INDEX(t!$AB$3:$AJ$10,MIN(ROWS(t!$AB$3:$AB$10),IF(C20<=t!$AB$3,1,MATCH(C20-1,t!$AB$3:$AB$10,1)+1)),MATCH(C8,{"기본세율","기본세율+10%","기본세율+20%","기본세율+30%"},0)*2)} -> 0.65 | D21: {=INDEX(t!$AB$3:$AJ$10,MIN(ROWS(t!$AB$3:$AB$10),IF(D20<=t!$AB$3,1,MATCH(D20-1,t!$AB$3:$AB$10,1)+1)),MATCH(D8,{"기본세율","기본세율+10%","기본세율+20%","기본세율+30%"},0)*2)} -> 0.75 | F21: 세율 | G21: {=INDEX(t!$AB$3:$AJ$10,MIN(ROWS(t!$AB$3:$AB$10),IF(G20<=t!$AB$3,1,MATCH(G20-1,t!$AB$3:$AB$10,1)+1)),MATCH(G8,{"기본세율","기본세율+10%","기본세율+20%","기본세율+30%"},0)*2)} -> 0.4 | H21: {=INDEX(t!$AB$3:$AJ$10,MIN(ROWS(t!$AB$3:$AB$10),IF(H20<=t!$AB$3,1,MATCH(H20-1,t!$AB$3:$AB$10,1)+1)),MATCH(H8,{"기본세율","기본세율+10%","기본세율+20%","기본세율+30%"},0)*2)} -> 0.38 | I21: {=INDEX(t!$AB$3:$AJ$10,MIN(ROWS(t!$AB$3:$AB$10),IF(I20<=t!$AB$3,1,MATCH(I20-1,t!$AB$3:$AB$10,1)+1)),MATCH(I8,{"기본세율","기본세율+10%","기본세율+20%","기본세율+30%"},0)*2)} -> 0.4 | J21: {=INDEX(t!$AB$3:$AJ$10,MIN(ROWS(t!$AB$3:$AB$10),IF(J20<=t!$AB$3,1,MATCH(J20-1,t!$AB$3:$AB$10,1)+1)),MATCH(J8,{"기본세율","기본세율+10%","기본세율+20%","기본세율+30%"},0)*2)} -> 0.4 | L21: 세율 | M21: {=INDEX(t!$AB$3:$AJ$10,MIN(ROWS(t!$AB$3:$AB$10),IF(M20<=t!$AB$3,1,MATCH(M20-1,t!$AB$3:$AB$10,1)+1)),MATCH(M8,{"기본세율","기본세율+10%","기본세율+20%","기본세율+30%"},0)*2)} -> 0.4 | N21: {=INDEX(t!$AB$3:$AJ$10,MIN(ROWS(t!$AB$3:$AB$10),IF(N20<=t!$AB$3,1,MATCH(N20-1,t!$AB$3:$AB$10,1)+1)),MATCH(N8,{"기본세율","기본세율+10%","기본세율+20%","기본세율+30%"},0)*2)} -> 0.38 | O21: {=INDEX(t!$AB$3:$AJ$10,MIN(ROWS(t!$AB$3:$AB$10),IF(O20<=t!$AB$3,1,MATCH(O20-1,t!$AB$3:$AB$10,1)+1)),MATCH(O8,{"기본세율","기본세율+10%","기본세율+20%","기본세율+30%"},0)*2)} -> 0.4 | P21: {=INDEX(t!$AB$3:$AJ$10,MIN(ROWS(t!$AB$3:$AB$10),IF(P20<=t!$AB$3,1,MATCH(P20-1,t!$AB$3:$AB$10,1)+1)),MATCH(P8,{"기본세율","기본세율+10%","기본세율+20%","기본세율+30%"},0)*2)} -> 0.4 | R21: 세율 | S21: {=INDEX(t!$AB$3:$AJ$10,MIN(ROWS(t!$AB$3:$AB$10),IF(S20<=t!$AB$3,1,MATCH(S20-1,t!$AB$3:$AB$10,1)+1)),MATCH(S8,{"기본세율","기본세율+10%","기본세율+20%","기본세율+30%"},0)*2)} -> 0.4 | T21: {=INDEX(t!$AB$3:$AJ$10,MIN(ROWS(t!$AB$3:$AB$10),IF(T20<=t!$AB$3,1,MATCH(T20-1,t!$AB$3:$AB$10,1)+1)),MATCH(T8,{"기본세율","기본세율+10%","기본세율+20%","기본세율+30%"},0)*2)} -> 0.38 | U21: {=INDEX(t!$AB$3:$AJ$10,MIN(ROWS(t!$AB$3:$AB$10),IF(U20<=t!$AB$3,1,MATCH(U20-1,t!$AB$3:$AB$10,1)+1)),MATCH(U8,{"기본세율","기본세율+10%","기본세율+20%","기본세율+30%"},0)*2)} -> 0.4 | V21: {=INDEX(t!$AB$3:$AJ$10,MIN(ROWS(t!$AB$3:$AB$10),IF(V20<=t!$AB$3,1,MATCH(V20-1,t!$AB$3:$AB$10,1)+1)),MATCH(V8,{"기본세율","기본세율+10%","기본세율+20%","기본세율+30%"},0)*2)} -> 0.4 | X21: 세율 | Y21: {=INDEX(t!$AB$3:$AJ$10,MIN(ROWS(t!$AB$3:$AB$10),IF(Y20<=t!$AB$3,1,MATCH(Y20-1,t!$AB$3:$AB$10,1)+1)),MATCH(Y8,{"기본세율","기본세율+10%","기본세율+20%","기본세율+30%"},0)*2)} -> 0.45 | Z21: {=INDEX(t!$AB$3:$AJ$10,MIN(ROWS(t!$AB$3:$AB$10),IF(Z20<=t!$AB$3,1,MATCH(Z20-1,t!$AB$3:$AB$10,1)+1)),MATCH(Z8,{"기본세율","기본세율+10%","기본세율+20%","기본세율+30%"},0)*2)} -> 0.38 | AA21: {=INDEX(t!$AB$3:$AJ$10,MIN(ROWS(t!$AB$3:$AB$10),IF(AA20<=t!$AB$3,1,MATCH(AA20-1,t!$AB$3:$AB$10,1)+1)),MATCH(AA8,{"기본세율","기본세율+10%","기본세율+20%","기본세율+30%"},0)*2)} -> 0.4 | AB21: {=INDEX(t!$AB$3:$AJ$10,MIN(ROWS(t!$AB$3:$AB$10),IF(AB20<=t!$AB$3,1,MATCH(AB20-1,t!$AB$3:$AB$10,1)+1)),MATCH(AB8,{"기본세율","기본세율+10%","기본세율+20%","기본세율+30%"},0)*2)} -> 0.4
A22: =A20*A21-INDEX(t!$AB$3:$AJ$10,MIN(ROWS(t!$AB$3:$AB$10),IF(A20<=t!$AB$3,1,MATCH(A20-1,t!$AB$3:$AB$10,1)+1)),MATCH(A8,{"기본세율","기본세율+10%","기본세율+20%","기본세율+30%"},0)*2+1) -> 1.4106e+08 | B22: =B20*B21-INDEX(t!$AB$3:$AJ$10,MIN(ROWS(t!$AB$3:$AB$10),IF(B20<=t!$AB$3,1,MATCH(B20-1,t!$AB$3:$AB$10,1)+1)),MATCH(B8,{"기본세율","기본세율+10%","기본세율+20%","기본세율+30%"},0)*2+1) -> 8.77935e+08 | C22: =C20*C21-INDEX(t!$AB$3:$AJ$10,MIN(ROWS(t!$AB$3:$AB$10),IF(C20<=t!$AB$3,1,MATCH(C20-1,t!$AB$3:$AB$10,1)+1)),MATCH(C8,{"기본세율","기본세율+10%","기본세율+20%","기본세율+30%"},0)*2+1) -> 1882435000 | D22: =D20*D21-INDEX(t!$AB$3:$AJ$10,MIN(ROWS(t!$AB$3:$AB$10),IF(D20<=t!$AB$3,1,MATCH(D20-1,t!$AB$3:$AB$10,1)+1)),MATCH(D8,{"기본세율","기본세율+10%","기본세율+20%","기본세율+30%"},0)*2+1) -> 2182185000 | F22: 산출세액 | G22: =G20*G21-INDEX(t!$AB$3:$AJ$10,MIN(ROWS(t!$AB$3:$AB$10),IF(G20<=t!$AB$3,1,MATCH(G20-1,t!$AB$3:$AB$10,1)+1)),MATCH(G8,{"기본세율","기본세율+10%","기본세율+20%","기본세율+30%"},0)*2+1) -> 1.4106e+08 | H22: =H20*H21-INDEX(t!$AB$3:$AJ$10,MIN(ROWS(t!$AB$3:$AB$10),IF(H20<=t!$AB$3,1,MATCH(H20-1,t!$AB$3:$AB$10,1)+1)),MATCH(H8,{"기본세율","기본세율+10%","기본세율+20%","기본세율+30%"},0)*2+1) -> 83990000 | I22: =I20*I21-INDEX(t!$AB$3:$AJ$10,MIN(ROWS(t!$AB$3:$AB$10),IF(I20<=t!$AB$3,1,MATCH(I20-1,t!$AB$3:$AB$10,1)+1)),MATCH(I8,{"기본세율","기본세율+10%","기본세율+20%","기본세율+30%"},0)*2+1) -> 153060000 | J22: =J20*J21-INDEX(t!$AB$3:$AJ$10,MIN(ROWS(t!$AB$3:$AB$10),IF(J20<=t!$AB$3,1,MATCH(J20-1,t!$AB$3:$AB$10,1)+1)),MATCH(J8,{"기본세율","기본세율+10%","기본세율+20%","기본세율+30%"},0)*2+1) -> 149060000 | L22: 산출세액 | M22: =M20*M21-INDEX(t!$AB$3:$AJ$10,MIN(ROWS(t!$AB$3:$AB$10),IF(M20<=t!$AB$3,1,MATCH(M20-1,t!$AB$3:$AB$10,1)+1)),MATCH(M8,{"기본세율","기본세율+10%","기본세율+20%","기본세율+30%"},0)*2+1) -> 1.4106e+08 | N22: =N20*N21-INDEX(t!$AB$3:$AJ$10,MIN(ROWS(t!$AB$3:$AB$10),IF(N20<=t!$AB$3,1,MATCH(N20-1,t!$AB$3:$AB$10,1)+1)),MATCH(N8,{"기본세율","기본세율+10%","기본세율+20%","기본세율+30%"},0)*2+1) -> 81710000 | O22: =O20*O21-INDEX(t!$AB$3:$AJ$10,MIN(ROWS(t!$AB$3:$AB$10),IF(O20<=t!$AB$3,1,MATCH(O20-1,t!$AB$3:$AB$10,1)+1)),MATCH(O8,{"기본세율","기본세율+10%","기본세율+20%","기본세율+30%"},0)*2+1) -> 149060000 | P22: =P20*P21-INDEX(t!$AB$3:$AJ$10,MIN(ROWS(t!$AB$3:$AB$10),IF(P20<=t!$AB$3,1,MATCH(P20-1,t!$AB$3:$AB$10,1)+1)),MATCH(P8,{"기본세율","기본세율+10%","기본세율+20%","기본세율+30%"},0)*2+1) -> 145060000 | R22: 산출세액 | S22: =S20*S21-INDEX(t!$AB$3:$AJ$10,MIN(ROWS(t!$AB$3:$AB$10),IF(S20<=t!$AB$3,1,MATCH(S20-1,t!$AB$3:$AB$10,1)+1)),MATCH(S8,{"기본세율","기본세율+10%","기본세율+20%","기본세율+30%"},0)*2+1) -> 141060000 | T22: =T20*T21-INDEX(t!$AB$3:$AJ$10,MIN(ROWS(t!$AB$3:$AB$10),IF(T20<=t!$AB$3,1,MATCH(T20-1,t!$AB$3:$AB$10,1)+1)),MATCH(T8,{"기본세율","기본세율+10%","기본세율+20%","기본세율+30%"},0)*2+1) -> 79430000 | U22: =U20*U21-INDEX(t!$AB$3:$AJ$10,MIN(ROWS(t!$AB$3:$AB$10),IF(U20<=t!$AB$3,1,MATCH(U20-1,t!$AB$3:$AB$10,1)+1)),MATCH(U8,{"기본세율","기본세율+10%","기본세율+20%","기본세율+30%"},0)*2+1) -> 149060000 | V22: =V20*V21-INDEX(t!$AB$3:$AJ$10,MIN(ROWS(t!$AB$3:$AB$10),IF(V20<=t!$AB$3,1,MATCH(V20-1,t!$AB$3:$AB$10,1)+1)),MATCH(V8,{"기본세율","기본세율+10%","기본세율+20%","기본세율+30%"},0)*2+1) -> 153060000 | X22: 산출세액 | Y22: =Y20*Y21-INDEX(t!$AB$3:$AJ$10,MIN(ROWS(t!$AB$3:$AB$10),IF(Y20<=t!$AB$3,1,MATCH(Y20-1,t!$AB$3:$AB$10,1)+1)),MATCH(Y8,{"기본세율","기본세율+10%","기본세율+20%","기본세율+30%"},0)*2+1) -> 427935000 | Z22: =Z20*Z21-INDEX(t!$AB$3:$AJ$10,MIN(ROWS(t!$AB$3:$AB$10),IF(Z20<=t!$AB$3,1,MATCH(Z20-1,t!$AB$3:$AB$10,1)+1)),MATCH(Z8,{"기본세율","기본세율+10%","기본세율+20%","기본세율+30%"},0)*2+1) -> 77150000 | AA22: =AA20*AA21-INDEX(t!$AB$3:$AJ$10,MIN(ROWS(t!$AB$3:$AB$10),IF(AA20<=t!$AB$3,1,MATCH(AA20-1,t!$AB$3:$AB$10,1)+1)),MATCH(AA8,{"기본세율","기본세율+10%","기본세율+20%","기본세율+30%"},0)*2+1) -> 145060000 | AB22: =AB20*AB21-INDEX(t!$AB$3:$AJ$10,MIN(ROWS(t!$AB$3:$AB$10),IF(AB20<=t!$AB$3,1,MATCH(AB20-1,t!$AB$3:$AB$10,1)+1)),MATCH(AB8,{"기본세율","기본세율+10%","기본세율+20%","기본세율+30%"},0)*2+1) -> 149060000
A23: =A22 -> 1.4106e+08 | B23: =B22 -> 8.77935e+08 | C23: =C22 -> 1882435000 | D23: =D22 -> 2182185000 | F23: 양도소득세 | G23: =G22 -> 1.4106e+08 | H23: =H22 -> 83990000 | I23: =I22 -> 153060000 | J23: =J22 -> 149060000 | L23: 양도소득세 | M23: =M22 -> 1.4106e+08 | N23: =N22 -> 81710000 | O23: =O22 -> 149060000 | P23: =P22 -> 145060000 | R23: 양도소득세 | S23: =S22 -> 141060000 | T23: =T22 -> 79430000 | U23: =U22 -> 149060000 | V23: =V22 -> 153060000 | X23: 양도소득세 | Y23: =Y22 -> 427935000 | Z23: =Z22 -> 77150000 | AA23: =AA22 -> 145060000 | AB23: =AB22 -> 149060000
A24: =A23*0.1 -> 14106000 | B24: =B23*0.1 -> 87793500 | C24: =C23*0.1 -> 188243500 | D24: =D23*0.1 -> 218218500 | F24: 지방소득세 | G24: =G23*0.1 -> 14106000 | H24: =H23*0.1 -> 8399000 | I24: =I23*0.1 -> 15306000 | J24: =J23*0.1 -> 14906000 | L24: 지방소득세 | M24: =M23*0.1 -> 14106000 | N24: =N23*0.1 -> 8171000 | O24: =O23*0.1 -> 14906000 | P24: =P23*0.1 -> 14506000 | R24: 지방소득세 | S24: =S23*0.1 -> 14106000 | T24: =T23*0.1 -> 7943000 | U24: =U23*0.1 -> 14906000 | V24: =V23*0.1 -> 15306000 | X24: 지방소득세 | Y24: =Y23*0.1 -> 42793500 | Z24: =Z23*0.1 -> 7715000 | AA24: =AA23*0.1 -> 14506000 | AB24: =AB23*0.1 -> 14906000
A25: =SUM(A23:A24) -> 1.55166e+08 | B25: =SUM(B23:B24) -> 9.657285e+08 | C25: =SUM(C23:C24) -> 2070678500 | D25: =SUM(D23:D24) -> 2400403500 | F25: 합계 | G25: =SUM(G23:G24) -> 1.55166e+08 | H25: =SUM(H23:H24) -> 92389000 | I25: =SUM(I23:I24) -> 168366000 | J25: =SUM(J23:J24) -> 163966000 | L25: 합계 | M25: =SUM(M23:M24) -> 1.55166e+08 | N25: =SUM(N23:N24) -> 89881000 | O25: =SUM(O23:O24) -> 163966000 | P25: =SUM(P23:P24) -> 159566000 | R25: 합계 | S25: =SUM(S23:S24) -> 155166000 | T25: =SUM(T23:T24) -> 87373000 | U25: =SUM(U23:U24) -> 163966000 | V25: =SUM(V23:V24) -> 168366000 | X25: 합계 | Y25: =SUM(Y23:Y24) -> 470728500 | Z25: =SUM(Z23:Z24) -> 84865000 | AA25: =SUM(AA23:AA24) -> 159566000 | AB25: =SUM(AB23:AB24) -> 163966000

Sheet 부담부증여
A1: 감정평가 | B1: =HLOOKUP(B$9,기초!$C$5:$I$16,MATCH($A1,기초!$A$5:$A$16,0),0) -> 4000000000 | C1: =B1 -> 4000000000 | E1: 감정평가 | F1: =HLOOKUP(F$9,기초!$C$5:$I$16,MATCH($A1,기초!$A$5:$A$16,0),0) -> 4000000000 | G1: =F1 -> 4000000000 | I1: 감정평가 | J1: =HLOOKUP(J$9,기초!$C$5:$I$16,MATCH($A1,기초!$A$5:$A$16,0),0) -> 4000000000 | K1: =J1 -> 4000000000 | M1: 감정평가 | N1: =HLOOKUP(N$9,기초!$C$5:$I$16,MATCH($A1,기초!$A$5:$A$16,0),0) -> 4000000000 | O1: =N1 -> 4000000000
A2: 채무액 | B2: =HLOOKUP(B$9,기초!$C$5:$I$16,MATCH($A2,기초!$A$5:$A$16,0),0) -> 0 | C2: =B2 -> 0 | E2: 채무액 | F2: =HLOOKUP(F$9,기초!$C$5:$I$16,MATCH($A2,기초!$A$5:$A$16,0),0) -> 0 | G2: =F2 -> 0 | I2: 채무액 | J2: =HLOOKUP(J$9,기초!$C$5:$I$16,MATCH($A2,기초!$A$5:$A$16,0),0) -> 0 | K2: =J2 -> 0 | M2: 채무액 | N2: =HLOOKUP(N$9,기초!$C$5:$I$16,MATCH($A2,기초!$A$5:$A$16,0),0) -> 0 | O2: =N2 -> 0
A3: 증여재산가액 | B3: =B1-B2 -> 4000000000 | C3: =C1-C2 -> 4000000000 | E3: 증여재산가액 | F3: =F1-F2 -> 4000000000 | G3: =G1-G2 -> 4000000000 | I3: 증여재산가액 | J3: =J1-J2 -> 4000000000 | K3: =K1-K2 -> 4000000000 | M3: 증여재산가액 | N3: =N1-N2 -> 4000000000 | O3: =O1-O2 -> 4000000000
A4: 취득가액 | B4: =HLOOKUP(B$9,기초!$C$5:$I$16,MATCH($A4,기초!$A$5:$A$16,0),0) -> 1000000000 | C4: =HLOOKUP(C$9,기초!$C$5:$I$16,MATCH($A4,기초!$A$5:$A$16,0),0) -> 1000000000 | E4: 취득가액 | F4: =B4 -> 1000000000 | G4: =C4 -> 1000000000 | I4: 취득가액 | J4: =F4 -> 1000000000 | K4: =G4 -> 1000000000 | M4: 취득가액 | N4: =J4 -> 1000000000 | O4: =K4 -> 1000000000
A6: Ⅰ. 증여자 부담 예상세액 | B6: =B33 -> -165000 | C6: =C33 -> -165000 | F6: =F33 -> -165000 | G6: =G33 -> -165000 | J6: =J33 -> -165000 | K6: =K33 -> -715000 | N6: =N33 -> -165000 | O6: =O33 -> -440000
A8: 현행법 | E8: 기본공제확대 | I8: 장특공한도 | J8: 2000000000 | K8: 2000000000 | M8: 장특공한도 | N8: 1000000000 | O8: 1000000000
B9: 주택1 | C9: 주택1 | E9: 2027 | F9: 주택1 | G9: 주택1 | I9: 2028 | J9: 주택1 | K9: 주택2 | M9: 2029 | N9: 주택1 | O9: 주택2
B10: 1세대1주택 | C10: 1세대1주택 | E10: 부부 | F10: 1세대1주택 | G10: 1세대1주택 | I10: 부부 | J10: 1세대1주택 | K10: 2주택 | M10: 부부 | N10: 1세대1주택 | O10: 비사토
A11: 지역 | B11: =HLOOKUP(B$9,기초!$C$5:$I$7,3,0) -> 조정대상지역 | C11: =HLOOKUP(C$9,기초!$C$5:$I$7,3,0) -> 조정대상지역 | E11: 지역 | F11: =HLOOKUP(F$9,기초!$C$5:$I$7,3,0) -> 조정대상지역 | G11: =HLOOKUP(G$9,기초!$C$5:$I$7,3,0) -> 조정대상지역 | I11: 지역 | J11: =HLOOKUP(J$9,기초!$C$5:$I$7,3,0) -> 조정대상지역 | K11: =HLOOKUP(K$9,기초!$C$5:$I$7,3,0) -> 조정대상지역 | M11: 지역 | N11: =HLOOKUP(N$9,기초!$C$5:$I$7,3,0) -> 조정대상지역 | O11: =HLOOKUP(O$9,기초!$C$5:$I$7,3,0) -> 조정대상지역
A12: 주택면적 | B12: =HLOOKUP(B$9,기초!$C$5:$I$7,2,0) -> 국평 | C12: =HLOOKUP(C$9,기초!$C$5:$I$7,2,0) -> 국평 | E12: 주택면적 | F12: =HLOOKUP(F$9,기초!$C$5:$I$7,2,0) -> 국평 | G12: =HLOOKUP(G$9,기초!$C$5:$I$7,2,0) -> 국평 | I12: 주택면적 | J12: =HLOOKUP(J$9,기초!$C$5:$I$7,2,0) -> 국평 | K12: =HLOOKUP(K$9,기초!$C$5:$I$7,2,0) -> 국평 | M12: 주택면적 | N12: =HLOOKUP(N$9,기초!$C$5:$I$7,2,0) -> 국평 | O12: =HLOOKUP(O$9,기초!$C$5:$I$7,2,0) -> 국평
A13: 보유기간 | B13: =HLOOKUP(B$9,기초!$C$5:$I$16,MATCH($A13,기초!$A$5:$A$16,0),0) -> 15 | C13: =HLOOKUP(C$9,기초!$C$5:$I$16,MATCH($A13,기초!$A$5:$A$16,0),0) -> 15 | E13: 보유 | F13: =B13+1 -> 16 | G13: =C13+1 -> 16 | I13: 보유 | J13: =F13+1 -> 17 | K13: =G13+1 -> 17 | M13: 보유 | N13: =J13+1 -> 18 | O13: =K13+1 -> 18
A14: 거주기간 | B14: =HLOOKUP(B$9,기초!$C$5:$I$16,MATCH($A14,기초!$A$5:$A$16,0),0) -> 10 | C14: =HLOOKUP(C$9,기초!$C$5:$I$16,MATCH($A14,기초!$A$5:$A$16,0),0) -> 10 | E14: 거주 | F14: =B14+1 -> 11 | G14: =C14+1 -> 11 | I14: 거주 | J14: =F14+1 -> 12 | K14: =G14+1 -> 12 | M14: 거주 | N14: =J14+1 -> 13 | O14: =K14+1 -> 13
A15: 적용세율 | B15: =IF(AND(B10="3주택",B11="조정대상지역"),"기본세율+30%",IF(B10="비사토","기본세율+10%",IF(AND(B10="2주택",B11="조정대상지역"),"기본세율+20%","기본세율"))) -> 기본세율 | C15: =IF(AND(C10="3주택",C11="조정대상지역"),"기본세율+30%",IF(C10="비사토","기본세율+10%",IF(AND(C10="2주택",C11="조정대상지역"),"기본세율+20%","기본세율"))) -> 기본세율 | E15: 적용세율 | F15: =IF(AND(F10="3주택",F11="조정대상지역"),"기본세율+30%",IF(F10="비사토","기본세율+10%",IF(AND(F10="2주택",F11="조정대상지역"),"기본세율+20%","기본세율"))) -> 기본세율 | G15: =IF(AND(G10="3주택",G11="조정대상지역"),"기본세율+30%",IF(G10="비사토","기본세율+10%",IF(AND(G10="2주택",G11="조정대상지역"),"기본세율+20%","기본세율"))) -> 기본세율 | I15: 적용세율 | J15: =IF(AND(J10="3주택",J11="조정대상지역"),"기본세율+30%",IF(J10="비사토","기본세율+10%",IF(AND(J10="2주택",J11="조정대상지역"),"기본세율+20%","기본세율"))) -> 기본세율 | K15: =IF(AND(K10="3주택",K11="조정대상지역"),"기본세율+30%",IF(K10="비사토","기본세율+10%",IF(AND(K10="2주택",K11="조정대상지역"),"기본세율+20%","기본세율"))) -> 기본세율+20% | M15: 적용세율 | N15: =IF(AND(N10="3주택",N11="조정대상지역"),"기본세율+30%",IF(N10="비사토","기본세율+10%",IF(AND(N10="2주택",N11="조정대상지역"),"기본세율+20%","기본세율"))) -> 기본세율 | O15: =IF(AND(O10="3주택",O11="조정대상지역"),"기본세율+30%",IF(O10="비사토","기본세율+10%",IF(AND(O10="2주택",O11="조정대상지역"),"기본세율+20%","기본세율"))) -> 기본세율+10%
A16: 매도지분 | B16: 0.6 | C16: 0.4 | E16: 매도지분 | F16: 0.6 | G16: 0.4 | I16: 매도지분 | J16: 0.5 | K16: 1 | M16: 매도지분 | N16: 0.5 | O16: 1
A17: 증여자 | B17: 다주택자 | C17: 다주택자 | E17: 증여자 | F17: 다주택자 | G17: 다주택자 | I17: 증여자 | J17: 다주택자 | K17: 다주택자 | M17: 증여자 | N17: 다주택자 | O17: 다주택자
E18: 동일주택분할매도 | F18: TRUE | G18: TRUE | I18: 동일주택분할매도 | J18: TRUE | K18: TRUE | M18: 동일주택분할매도 | N18: TRUE | O18: TRUE
A20: 감정평가 | B20: =HLOOKUP(B$9,기초!$C$5:$I$16,MATCH($A20,기초!$A$5:$A$16,0),0) -> 4000000000 | C20: =HLOOKUP(C$9,기초!$C$5:$I$16,MATCH($A20,기초!$A$5:$A$16,0),0) -> 4000000000 | E20: 기준양도금액 | F20: =F1 -> 4000000000 | G20: =G1 -> 4000000000 | I20: 기준양도금액 | J20: =J1 -> 4000000000 | K20: =K1 -> 4000000000 | M20: 기준양도금액 | N20: =N1 -> 4000000000 | O20: =O1 -> 4000000000
A21: 양도가액(지분)=채무 | B21: =B16*B20*B2/B1 -> 0 | C21: =C16*C20*C2/C1 -> 0 | E21: 양도가액(지분)=채무 | F21: =F16*F20*F2/F1 -> 0 | G21: =G16*G20*G2/G1 -> 0 | I21: 양도가액(지분)=채무 | J21: =J16*J20*J2/J1 -> 0 | K21: =K16*K20*K2/K1 -> 0 | M21: 양도가액(지분)=채무 | N21: =N16*N20*N2/N1 -> 0 | O21: =O16*O20*O2/O1 -> 0
A22: 취득가액 등 | B22: =B4*B2/B1 -> 0 | C22: =C4*C2/C1 -> 0 | E22: 취득가액 등 | F22: =F4*F2/F1 -> 0 | G22: =G4*G2/G1 -> 0 | I22: 취득가액 등 | J22: =J4*J2/J1 -> 0 | K22: =K4*K2/K1 -> 0 | M22: 취득가액 등 | N22: =N4*N2/N1 -> 0 | O22: =O4*O2/O1 -> 0
A23: 양도차익 | B23: =B21-B22 -> 0 | C23: =C21-C22 -> 0 | E23: 양도차익 | F23: =F21-F22 -> 0 | G23: =G21-G22 -> 0 | I23: 양도차익 | J23: =J21-J22 -> 0 | K23: =K21-K22 -> 0 | M23: 양도차익 | N23: =N21-N22 -> 0 | O23: =O21-O22 -> 0
A24: 과세대상 양도차익 | B24: =IF(B10="1세대1주택",MAX(0,B23*(B20-1200000000)/B20),B23) -> 0 | C24: =IF(C10="1세대1주택",MAX(0,C23*(C20-1200000000)/C20),C23) -> 0 | E24: 과세대상 양도차익 | F24: =IF(F10="1세대1주택",MAX(0,F23*(F20-1200000000)/F20),F23) -> 0 | G24: =IF(G10="1세대1주택",MAX(0,G23*(G20-1200000000)/G20),G23) -> 0 | I24: 과세대상 양도차익 | J24: =IF(J10="1세대1주택",MAX(0,J23*(J20-1200000000)/J20),J23) -> 0 | K24: =IF(K10="1세대1주택",MAX(0,K23*(K20-1200000000)/K20),K23) -> 0 | M24: 과세대상 양도차익 | N24: =IF(N10="1세대1주택",MAX(0,N23*(N20-1200000000)/N20),N23) -> 0 | O24: =IF(O10="1세대1주택",MAX(0,O23*(O20-1200000000)/O20),O23) -> 0
A25: 장기보유특별공제 | B25: =IF(B13>=3,IF(AND(B10="1세대1주택",B14>=2),MIN(40%,B13*4%)+MIN(40%,B14*4%),IF(B15="기본세율",MIN(30%,B13*2%),0))) -> 0.8 | C25: =IF(C13>=3,IF(AND(C10="1세대1주택",C14>=2),MIN(40%,C13*4%)+MIN(40%,C14*4%),IF(C15="기본세율",MIN(30%,C13*2%),0))) -> 0.8 | E25: 장기보유특별공제 | F25: =IF(F13>=3,IF(AND(F10="1세대1주택",F14>=2),MIN(40%,F13*4%)+MIN(40%,F14*4%),IF(F15="기본세율",MIN(30%,F13*2%),0))) -> 0.8 | G25: =IF(G13>=3,IF(AND(G10="1세대1주택",G14>=2),MIN(40%,G13*4%)+MIN(40%,G14*4%),IF(G15="기본세율",MIN(30%,G13*2%),0))) -> 0.8 | I25: 장기보유특별공제 | J25: =IF(J13>=3,IF(AND(J10="1세대1주택",J14>=2),MIN(20%,J13*2%)+MIN(60%,J14*6%),IF(J15="기본세율",MIN(15%,J13*1%)+MIN(30%,J14*2%),0))) -> 0.8 | K25: =IF(K13>=3,IF(AND(K10="1세대1주택",K14>=2),MIN(20%,K13*2%)+MIN(60%,K14*6%),IF(K15="기본세율",MIN(15%,K13*1%)+MIN(30%,K14*2%),0))) -> 0 | M25: 장기보유특별공제 | N25: =IF(N13>=3,IF(AND(N10="1세대1주택",N14>=2),MIN(80%,N14*8%),IF(N15="기본세율",MIN(30%,N14*2%),0))) -> 0.8 | O25: =IF(O13>=3,IF(AND(O10="1세대1주택",O14>=2),MIN(80%,O14*8%),IF(O15="기본세율",MIN(30%,O14*2%),0))) -> 0
A26: 소득금액 | B26: =B24*(1-B25) -> 0 | C26: =C24*(1-C25) -> 0 | E26: 소득금액 | F26: =F24*(1-F25) -> 0 | G26: =G24*(1-G25) -> 0 | I26: 소득금액 | J26: =J24-MIN(J24*J25,J8) -> 0 | K26: =K24-MIN(K24*K25,K8) -> 0 | M26: 소득금액 | N26: =N24-MIN(N24*N25,N8) -> 0 | O26: =O24-MIN(O24*O25,O8) -> 0
A27: 기본공제 | B27: 2500000 | C27: 2500000 | E27: 기본공제 | F27: =IF(AND(F10="1세대1주택",F14>=10,F20<=3*10^9),25*10^6*IF($E$10="부부",IF(F18=TRUE,F16,1),F16),2500000) -> 2500000 | G27: =IF(AND(G10="1세대1주택",G14>=10,G20<=3*10^9),25*10^6*IF($E$10="부부",IF(G18=TRUE,G16,1),G16),2500000) -> 2500000 | I27: 기본공제 | J27: =IF(AND(J10="1세대1주택",J14>=10,J20<=3*10^9),25*10^6*IF($I$10="부부",IF(J18=TRUE,J16,1),J16),2500000) -> 2500000 | K27: =IF(AND(K10="1세대1주택",K14>=10,K20<=3*10^9),25*10^6*IF($I$10="부부",IF(K18=TRUE,K16,1),K16),2500000) -> 2500000 | M27: 기본공제 | N27: =IF(AND(N10="1세대1주택",N14>=10,N20<=3*10^9),25*10^6*IF($M$10="부부",IF(N18=TRUE,N16,1),N16),2500000) -> 2500000 | O27: =IF(AND(O10="1세대1주택",O14>=10,O20<=3*10^9),25*10^6*IF($M$10="부부",IF(O18=TRUE,O16,1),O16),2500000) -> 2500000
A28: 과세표준 | B28: =B26-B27 -> -2500000 | C28: =C26-C27 -> -2500000 | E28: 과세표준 | F28: =F26-F27 -> -2500000 | G28: =G26-G27 -> -2500000 | I28: 과세표준 | J28: =J26-J27 -> -2500000 | K28: =K26-K27 -> -2500000 | M28: 과세표준 | N28: =N26-N27 -> -2500000 | O28: =O26-O27 -> -2500000
A29: 세율 | B29: {=INDEX(t!$AB$3:$AJ$10,MIN(ROWS(t!$AB$3:$AB$10),IF(B28<=t!$AB$3,1,MATCH(B28-1,t!$AB$3:$AB$10,1)+1)),MATCH(B15,{"기본세율","기본세율+10%","기본세율+20%","기본세율+30%"},0)*2)} -> 0.06 | C29: {=INDEX(t!$AB$3:$AJ$10,MIN(ROWS(t!$AB$3:$AB$10),IF(C28<=t!$AB$3,1,MATCH(C28-1,t!$AB$3:$AB$10,1)+1)),MATCH(C15,{"기본세율","기본세율+10%","기본세율+20%","기본세율+30%"},0)*2)} -> 0.06 | E29: 세율 | F29: {=INDEX(t!$AB$3:$AJ$10,MIN(ROWS(t!$AB$3:$AB$10),IF(F28<=t!$AB$3,1,MATCH(F28-1,t!$AB$3:$AB$10,1)+1)),MATCH(F15,{"기본세율","기본세율+10%","기본세율+20%","기본세율+30%"},0)*2)} -> 0.06 | G29: {=INDEX(t!$AB$3:$AJ$10,MIN(ROWS(t!$AB$3:$AB$10),IF(G28<=t!$AB$3,1,MATCH(G28-1,t!$AB$3:$AB$10,1)+1)),MATCH(G15,{"기본세율","기본세율+10%","기본세율+20%","기본세율+30%"},0)*2)} -> 0.06 | I29: 세율 | J29: {=INDEX(t!$AB$3:$AJ$10,MIN(ROWS(t!$AB$3:$AB$10),IF(J28<=t!$AB$3,1,MATCH(J28-1,t!$AB$3:$AB$10,1)+1)),MATCH(J15,{"기본세율","기본세율+10%","기본세율+20%","기본세율+30%"},0)*2)} -> 0.06 | K29: {=INDEX(t!$AB$3:$AJ$10,MIN(ROWS(t!$AB$3:$AB$10),IF(K28<=t!$AB$3,1,MATCH(K28-1,t!$AB$3:$AB$10,1)+1)),MATCH(K15,{"기본세율","기본세율+10%","기본세율+20%","기본세율+30%"},0)*2)} -> 0.26 | M29: 세율 | N29: {=INDEX(t!$AB$3:$AJ$10,MIN(ROWS(t!$AB$3:$AB$10),IF(N28<=t!$AB$3,1,MATCH(N28-1,t!$AB$3:$AB$10,1)+1)),MATCH(N15,{"기본세율","기본세율+10%","기본세율+20%","기본세율+30%"},0)*2)} -> 0.06 | O29: {=INDEX(t!$AB$3:$AJ$10,MIN(ROWS(t!$AB$3:$AB$10),IF(O28<=t!$AB$3,1,MATCH(O28-1,t!$AB$3:$AB$10,1)+1)),MATCH(O15,{"기본세율","기본세율+10%","기본세율+20%","기본세율+30%"},0)*2)} -> 0.16
A30: 산출세액 | B30: {=B28*B29-INDEX(t!$AB$3:$AJ$10,MIN(ROWS(t!$AB$3:$AB$10),IF($B$28<=t!$AB$3,1,MATCH($B$28-1,t!$AB$3:$AB$10,1)+1)),MATCH($B$15,{"기본세율","기본세율+10%","기본세율+20%","기본세율+30%"},0)*2+1)} -> -150000 | C30: {=C28*C29-INDEX(t!$AB$3:$AJ$10,MIN(ROWS(t!$AB$3:$AB$10),IF($B$28<=t!$AB$3,1,MATCH($B$28-1,t!$AB$3:$AB$10,1)+1)),MATCH($B$15,{"기본세율","기본세율+10%","기본세율+20%","기본세율+30%"},0)*2+1)} -> -150000 | E30: 산출세액 | F30: {=F28*F29-INDEX(t!$AB$3:$AJ$10,MIN(ROWS(t!$AB$3:$AB$10),IF($B$28<=t!$AB$3,1,MATCH($B$28-1,t!$AB$3:$AB$10,1)+1)),MATCH($B$15,{"기본세율","기본세율+10%","기본세율+20%","기본세율+30%"},0)*2+1)} -> -150000 | G30: {=G28*G29-INDEX(t!$AB$3:$AJ$10,MIN(ROWS(t!$AB$3:$AB$10),IF($B$28<=t!$AB$3,1,MATCH($B$28-1,t!$AB$3:$AB$10,1)+1)),MATCH($B$15,{"기본세율","기본세율+10%","기본세율+20%","기본세율+30%"},0)*2+1)} -> -150000 | I30: 산출세액 | J30: {=J28*J29-INDEX(t!$AB$3:$AJ$10,MIN(ROWS(t!$AB$3:$AB$10),IF($B$28<=t!$AB$3,1,MATCH($B$28-1,t!$AB$3:$AB$10,1)+1)),MATCH($B$15,{"기본세율","기본세율+10%","기본세율+20%","기본세율+30%"},0)*2+1)} -> -150000 | K30: {=K28*K29-INDEX(t!$AB$3:$AJ$10,MIN(ROWS(t!$AB$3:$AB$10),IF($B$28<=t!$AB$3,1,MATCH($B$28-1,t!$AB$3:$AB$10,1)+1)),MATCH($B$15,{"기본세율","기본세율+10%","기본세율+20%","기본세율+30%"},0)*2+1)} -> -650000 | M30: 산출세액 | N30: {=N28*N29-INDEX(t!$AB$3:$AJ$10,MIN(ROWS(t!$AB$3:$AB$10),IF($B$28<=t!$AB$3,1,MATCH($B$28-1,t!$AB$3:$AB$10,1)+1)),MATCH($B$15,{"기본세율","기본세율+10%","기본세율+20%","기본세율+30%"},0)*2+1)} -> -150000 | O30: {=O28*O29-INDEX(t!$AB$3:$AJ$10,MIN(ROWS(t!$AB$3:$AB$10),IF($B$28<=t!$AB$3,1,MATCH($B$28-1,t!$AB$3:$AB$10,1)+1)),MATCH($B$15,{"기본세율","기본세율+10%","기본세율+20%","기본세율+30%"},0)*2+1)} -> -400000
A31: 양도소득세 | B31: =B30 -> -150000 | C31: =C30 -> -150000 | E31: 양도소득세 | F31: =F30 -> -150000 | G31: =G30 -> -150000 | I31: 양도소득세 | J31: =J30 -> -150000 | K31: =K30 -> -650000 | M31: 양도소득세 | N31: =N30 -> -150000 | O31: =O30 -> -400000
A32: 지방소득세 | B32: =B31*0.1 -> -15000 | C32: =C31*0.1 -> -15000 | E32: 지방소득세 | F32: =F31*0.1 -> -15000 | G32: =G31*0.1 -> -15000 | I32: 지방소득세 | J32: =J31*0.1 -> -15000 | K32: =K31*0.1 -> -65000 | M32: 지방소득세 | N32: =N31*0.1 -> -15000 | O32: =O31*0.1 -> -40000
A33: 합계 | B33: =SUM(B31:B32) -> -165000 | C33: =SUM(C31:C32) -> -165000 | E33: 합계 | F33: =SUM(F31:F32) -> -165000 | G33: =SUM(G31:G32) -> -165000 | I33: 합계 | J33: =SUM(J31:J32) -> -165000 | K33: =SUM(K31:K32) -> -715000 | M33: 합계 | N33: =SUM(N31:N32) -> -165000 | O33: =SUM(O31:O32) -> -440000
A36: Ⅱ. 수증자 부담 예상세액 | B36: =SUM(B53,B61,B65) -> #N/A | C36: =SUM(C53,C61,C65) -> #N/A | E36: Ⅱ. 수증자 부담 예상세액 | F36: =SUM(F53,F61,F65) -> #N/A | G36: =SUM(G53,G61,G65) -> #N/A | I36: Ⅱ. 수증자 부담 예상세액 | J36: =SUM(J53,J61,J65) -> #N/A | K36: =SUM(K53,K61,K65) -> #N/A | M36: Ⅱ. 수증자 부담 예상세액 | N36: =SUM(N53,N61,N65) -> #N/A | O36: =SUM(O53,O61,O65) -> #N/A
A38: 수증자이름 | B38: 성춘향 | C38: 홍상수 | E38: 수증자이름 | F38: =B38 -> 성춘향 | G38: =C38 -> 홍상수 | I38: 수증자이름 | J38: =F38 -> 성춘향 | K38: =G38 -> 홍상수 | M38: 수증자이름 | N38: =J38 -> 성춘향 | O38: =K38 -> 홍상수
A39: 관계 | B39: {=INDIRECT("기초!B"&(MATCH(B38,기초!$B:$B,0)+1))} -> 배우자 | C39: {=INDIRECT("기초!B"&(MATCH(C38,기초!$B:$B,0)+1))} -> 직계존비속 | E39: 관계 | F39: =B39 -> 배우자 | G39: =C39 -> 직계존비속 | I39: 관계 | J39: =F39 -> 배우자 | K39: =G39 -> 직계존비속 | M39: 관계 | N39: =J39 -> 배우자 | O39: =K39 -> 직계존비속
A40: 증여지분 | B40: 1 | C40: 1 | E40: 증여지분 | F40: =B40 -> 1 | G40: =C40 -> 1 | I40: 증여지분 | J40: =F40 -> 1 | K40: =G40 -> 1 | M40: 증여지분 | N40: =J40 -> 1 | O40: =K40 -> 1
B42: 주택1 | C42: 주택2 | F42: 주택1 | G42: 주택2 | J42: 주택1 | K42: 주택2 | N42: 주택1 | O42: 주택2
A44: 감정평가 | B44: =B1*B$40 -> 4000000000 | C44: =C1*C$40 -> 4000000000 | E44: 감정평가 | F44: =F1*F$40 -> 4000000000 | G44: =G1*G$40 -> 4000000000 | I44: 감정평가 | J44: =J1*J$40 -> 4000000000 | K44: =K1*K$40 -> 4000000000 | M44: 감정평가 | N44: =N1*N$40 -> 4000000000 | O44: =O1*O$40 -> 4000000000
A45: 사전증여재산 | B45: =SUMIF(기초!$A:$A,B$38,기초!$S:$S) -> 0 | C45: =SUMIF(기초!$A:$A,C$38,기초!$S:$S) -> 0 | E45: 사전증여재산 | F45: =SUMIF(기초!$A:$A,F$38,기초!$S:$S) -> 0 | G45: =SUMIF(기초!$A:$A,G$38,기초!$S:$S) -> 0 | I45: 사전증여재산 | J45: =SUMIF(기초!$A:$A,J$38,기초!$S:$S) -> 0 | K45: =SUMIF(기초!$A:$A,K$38,기초!$S:$S) -> 0 | M45: 사전증여재산 | N45: =SUMIF(기초!$A:$A,N$38,기초!$S:$S) -> 0 | O45: =SUMIF(기초!$A:$A,O$38,기초!$S:$S) -> 0
A46: 채무액 | B46: =B3*B$40 -> 4000000000 | C46: =C3*C$40 -> 4000000000 | E46: 채무액 | F46: =F3*F$40 -> 4000000000 | G46: =G3*G$40 -> 4000000000 | I46: 채무액 | J46: =J3*J$40 -> 4000000000 | K46: =K3*K$40 -> 4000000000 | M46: 채무액 | N46: =N3*N$40 -> 4000000000 | O46: =O3*O$40 -> 4000000000
A47: 합계 | B47: =B44-B46 -> 0 | C47: =C44-C46 -> 0 | E47: 합계 | F47: =F44-F46 -> 0 | G47: =G44-G46 -> 0 | I47: 합계 | J47: =J44-J46 -> 0 | K47: =K44-K46 -> 0 | M47: 합계 | N47: =N44-N46 -> 0 | O47: =O44-O46 -> 0
A48: 증여재산공제 | B48: =IFERROR(VLOOKUP(B39,t!$AR$2:$AS$5,2,0),0) -> 600000000 | C48: =IFERROR(VLOOKUP(C39,t!$AR$2:$AS$5,2,0),0) -> 50000000 | E48: 증여재산공제 | F48: =IFERROR(VLOOKUP(F39,t!$AR$2:$AS$5,2,0),0) -> 600000000 | G48: =IFERROR(VLOOKUP(G39,t!$AR$2:$AS$5,2,0),0) -> 50000000 | I48: 증여재산공제 | J48: =IFERROR(VLOOKUP(J39,t!$AR$2:$AS$5,2,0),0) -> 600000000 | K48: =IFERROR(VLOOKUP(K39,t!$AR$2:$AS$5,2,0),0) -> 50000000 | M48: 증여재산공제 | N48: =IFERROR(VLOOKUP(N39,t!$AR$2:$AS$5,2,0),0) -> 600000000 | O48: =IFERROR(VLOOKUP(O39,t!$AR$2:$AS$5,2,0),0) -> 50000000
A49: 과세표준 | B49: =B47-B48 -> -600000000 | C49: =C47-C48 -> -50000000 | E49: 과세표준 | F49: =F47-F48 -> -600000000 | G49: =G47-G48 -> -50000000 | I49: 과세표준 | J49: =J47-J48 -> -600000000 | K49: =K47-K48 -> -50000000 | M49: 과세표준 | N49: =N47-N48 -> -600000000 | O49: =O47-O48 -> -50000000
A50: 세율 | B50: {=INDEX(t!$AW$3:$AW$7,MATCH(TRUE,B49<=t!$AV$3:$AV$7,0))} -> 0.1 | C50: {=INDEX(t!$AW$3:$AW$7,MATCH(TRUE,C49<=t!$AV$3:$AV$7,0))} -> 0.1 | E50: 세율 | F50: {=INDEX(t!$AW$3:$AW$7,MATCH(TRUE,F49<=t!$AV$3:$AV$7,0))} -> 0.1 | G50: {=INDEX(t!$AW$3:$AW$7,MATCH(TRUE,G49<=t!$AV$3:$AV$7,0))} -> 0.1 | I50: 세율 | J50: {=INDEX(t!$AW$3:$AW$7,MATCH(TRUE,J49<=t!$AV$3:$AV$7,0))} -> 0.1 | K50: {=INDEX(t!$AW$3:$AW$7,MATCH(TRUE,K49<=t!$AV$3:$AV$7,0))} -> 0.1 | M50: 세율 | N50: {=INDEX(t!$AW$3:$AW$7,MATCH(TRUE,N49<=t!$AV$3:$AV$7,0))} -> 0.1 | O50: {=INDEX(t!$AW$3:$AW$7,MATCH(TRUE,O49<=t!$AV$3:$AV$7,0))} -> 0.1
A51: 산출세액 | B51: =B49*B50-VLOOKUP(B50,t!$AW$3:$AX$7,2,0) -> -60000000 | C51: =C49*C50-VLOOKUP(C50,t!$AW$3:$AX$7,2,0) -> -5000000 | E51: 산출세액 | F51: =F49*F50-VLOOKUP(F50,t!$AW$3:$AX$7,2,0) -> -60000000 | G51: =G49*G50-VLOOKUP(G50,t!$AW$3:$AX$7,2,0) -> -5000000 | I51: 산출세액 | J51: =J49*J50-VLOOKUP(J50,t!$AW$3:$AX$7,2,0) -> -60000000 | K51: =K49*K50-VLOOKUP(K50,t!$AW$3:$AX$7,2,0) -> -5000000 | M51: 산출세액 | N51: =N49*N50-VLOOKUP(N50,t!$AW$3:$AX$7,2,0) -> -60000000 | O51: =O49*O50-VLOOKUP(O50,t!$AW$3:$AX$7,2,0) -> -5000000
A52: 증여세액공제 | B52: =SUMIF(기초!$A:$A,B$38,기초!$T:$T) -> 0 | C52: =SUMIF(기초!$A:$A,C$38,기초!$T:$T) -> 0 | E52: 증여세액공제 | F52: =SUMIF(기초!$A:$A,F$38,기초!$T:$T) -> 0 | G52: =SUMIF(기초!$A:$A,G$38,기초!$T:$T) -> 0 | I52: 증여세액공제 | J52: =SUMIF(기초!$A:$A,J$38,기초!$T:$T) -> 0 | K52: =SUMIF(기초!$A:$A,K$38,기초!$T:$T) -> 0 | M52: 증여세액공제 | N52: =SUMIF(기초!$A:$A,N$38,기초!$T:$T) -> 0 | O52: =SUMIF(기초!$A:$A,O$38,기초!$T:$T) -> 0
A53: 소계 | B53: =B51-B52 -> -60000000 | C53: =C51-C52 -> -5000000 | E53: 소계 | F53: =F51-F52 -> -60000000 | G53: =G51-G52 -> -5000000 | I53: 소계 | J53: =J51-J52 -> -60000000 | K53: =K51-K52 -> -5000000 | M53: 소계 | N53: =N51-N52 -> -60000000 | O53: =O51-O52 -> -5000000
A55: 1. 양도분 취득세
B56: =B38 -> 성춘향 | C56: =C38 -> 홍상수 | F56: =F38 -> 성춘향 | G56: =G38 -> 홍상수 | J56: =J38 -> 성춘향 | K56: =K38 -> 홍상수 | N56: =N38 -> 성춘향 | O56: =O38 -> 홍상수
A57: 주택수 | B57: {=INDIRECT("기초!B"&(MATCH(B56,기초!$B:$B,0)+3))} -> 1 | C57: {=INDIRECT("기초!B"&(MATCH(C56,기초!$B:$B,0)+3))} -> 0 | E57: 주택수 | F57: {=INDIRECT("기초!B"&(MATCH(F56,기초!$B:$B,0)+3))} -> 1 | G57: {=INDIRECT("기초!B"&(MATCH(G56,기초!$B:$B,0)+3))} -> 0 | I57: 주택수 | J57: {=INDIRECT("기초!B"&(MATCH(J56,기초!$B:$B,0)+3))} -> 1 | K57: {=INDIRECT("기초!B"&(MATCH(K56,기초!$B:$B,0)+3))} -> 0 | M57: 주택수 | N57: {=INDIRECT("기초!B"&(MATCH(N56,기초!$B:$B,0)+3))} -> 1 | O57: {=INDIRECT("기초!B"&(MATCH(O56,기초!$B:$B,0)+3))} -> 0
A59: 취득세+지방교육세 | B59: {=INDEX(취득!$K$1:$K$8,MATCH(1,(취득!$I$1:$I$8=B$11)*(취득!$J$1:$J$8=B$57),0))} -> #N/A | C59: {=INDEX(취득!$K$1:$K$8,MATCH(1,(취득!$I$1:$I$8=C$11)*(취득!$J$1:$J$8=C$57),0))} -> #N/A | E59: 취득세+지방교육세 | F59: {=INDEX(취득!$K$1:$K$8,MATCH(1,(취득!$I$1:$I$8=F$11)*(취득!$J$1:$J$8=F$57),0))} -> #N/A | G59: {=INDEX(취득!$K$1:$K$8,MATCH(1,(취득!$I$1:$I$8=G$11)*(취득!$J$1:$J$8=G$57),0))} -> #N/A | I59: 취득세+지방교육세 | J59: {=INDEX(취득!$K$1:$K$8,MATCH(1,(취득!$I$1:$I$8=J$11)*(취득!$J$1:$J$8=J$57),0))} -> #N/A | K59: {=INDEX(취득!$K$1:$K$8,MATCH(1,(취득!$I$1:$I$8=K$11)*(취득!$J$1:$J$8=K$57),0))} -> #N/A | M59: 취득세+지방교육세 | N59: {=INDEX(취득!$K$1:$K$8,MATCH(1,(취득!$I$1:$I$8=N$11)*(취득!$J$1:$J$8=N$57),0))} -> #N/A | O59: {=INDEX(취득!$K$1:$K$8,MATCH(1,(취득!$I$1:$I$8=O$11)*(취득!$J$1:$J$8=O$57),0))} -> #N/A
A60: 농어촌특별세 | B60: {=IF($B12="85 초과",INDEX(취득!$L$1:$L$8,MATCH(1,(취득!$I$1:$I$8=B$11)*(취득!$J$1:$J$8=B$57),0)),0)} -> 0 | C60: {=IF($B12="85 초과",INDEX(취득!$L$1:$L$8,MATCH(1,(취득!$I$1:$I$8=C$11)*(취득!$J$1:$J$8=C$57),0)),0)} -> 0 | E60: 농어촌특별세 | F60: {=IF($B12="85 초과",INDEX(취득!$L$1:$L$8,MATCH(1,(취득!$I$1:$I$8=F$11)*(취득!$J$1:$J$8=F$57),0)),0)} -> 0 | G60: {=IF($B12="85 초과",INDEX(취득!$L$1:$L$8,MATCH(1,(취득!$I$1:$I$8=G$11)*(취득!$J$1:$J$8=G$57),0)),0)} -> 0 | I60: 농어촌특별세 | J60: {=IF($B12="85 초과",INDEX(취득!$L$1:$L$8,MATCH(1,(취득!$I$1:$I$8=J$11)*(취득!$J$1:$J$8=J$57),0)),0)} -> 0 | K60: {=IF($B12="85 초과",INDEX(취득!$L$1:$L$8,MATCH(1,(취득!$I$1:$I$8=K$11)*(취득!$J$1:$J$8=K$57),0)),0)} -> 0 | M60: 농어촌특별세 | N60: {=IF($B12="85 초과",INDEX(취득!$L$1:$L$8,MATCH(1,(취득!$I$1:$I$8=N$11)*(취득!$J$1:$J$8=N$57),0)),0)} -> 0 | O60: {=IF($B12="85 초과",INDEX(취득!$L$1:$L$8,MATCH(1,(취득!$I$1:$I$8=O$11)*(취득!$J$1:$J$8=O$57),0)),0)} -> 0
A61: 소계 | B61: =(IF(B59="1.1~3.3%",(IF(B20<=6*10^8,1%,IF(B20>9*10^8,3%,ROUND((B20*2/300000000-3)/100,5)))*1.1),B59)+B60)*B21 -> #N/A | C61: =(IF(C59="1.1~3.3%",(IF(C20<=6*10^8,1%,IF(C20>9*10^8,3%,ROUND((C20*2/300000000-3)/100,5)))*1.1),C59)+C60)*C21 -> #N/A | E61: 소계 | F61: =(IF(F59="1.1~3.3%",(IF(F20<=6*10^8,1%,IF(F20>9*10^8,3%,ROUND((F20*2/300000000-3)/100,5)))*1.1),F59)+F60)*F21 -> #N/A | G61: =(IF(G59="1.1~3.3%",(IF(G20<=6*10^8,1%,IF(G20>9*10^8,3%,ROUND((G20*2/300000000-3)/100,5)))*1.1),G59)+G60)*G21 -> #N/A | I61: 소계 | J61: =(IF(J59="1.1~3.3%",(IF(J20<=6*10^8,1%,IF(J20>9*10^8,3%,ROUND((J20*2/300000000-3)/100,5)))*1.1),J59)+J60)*J21 -> #N/A | K61: =(IF(K59="1.1~3.3%",(IF(K20<=6*10^8,1%,IF(K20>9*10^8,3%,ROUND((K20*2/300000000-3)/100,5)))*1.1),K59)+K60)*K21 -> #N/A | M61: 소계 | N61: =(IF(N59="1.1~3.3%",(IF(N20<=6*10^8,1%,IF(N20>9*10^8,3%,ROUND((N20*2/300000000-3)/100,5)))*1.1),N59)+N60)*N21 -> #N/A | O61: =(IF(O59="1.1~3.3%",(IF(O20<=6*10^8,1%,IF(O20>9*10^8,3%,ROUND((O20*2/300000000-3)/100,5)))*1.1),O59)+O60)*O21 -> #N/A
A63: 2. 증여분 취득세
A64: 취득세율 | B64: =OFFSET(취득!$J$15,MATCH($B11,취득!$J$16:$J$17,0),MATCH(B12,취득!$K$15:$L$15,0)) -> 0.124 | C64: =OFFSET(취득!$J$15,MATCH($B11,취득!$J$16:$J$17,0),MATCH(C12,취득!$K$15:$L$15,0)) -> 0.124 | E64: 취득세율 | F64: =OFFSET(취득!$J$15,MATCH($B11,취득!$J$16:$J$17,0),MATCH(F12,취득!$K$15:$L$15,0)) -> 0.124 | G64: =OFFSET(취득!$J$15,MATCH($B11,취득!$J$16:$J$17,0),MATCH(G12,취득!$K$15:$L$15,0)) -> 0.124 | I64: 취득세율 | J64: =OFFSET(취득!$J$15,MATCH($B11,취득!$J$16:$J$17,0),MATCH(J12,취득!$K$15:$L$15,0)) -> 0.124 | K64: =OFFSET(취득!$J$15,MATCH($B11,취득!$J$16:$J$17,0),MATCH(K12,취득!$K$15:$L$15,0)) -> 0.124 | M64: 취득세율 | N64: =OFFSET(취득!$J$15,MATCH($B11,취득!$J$16:$J$17,0),MATCH(N12,취득!$K$15:$L$15,0)) -> 0.124 | O64: =OFFSET(취득!$J$15,MATCH($B11,취득!$J$16:$J$17,0),MATCH(O12,취득!$K$15:$L$15,0)) -> 0.124
A65: 소계 | B65: =B44*B64 -> 496000000 | C65: =C44*C64 -> 496000000 | E65: 소계 | F65: =F44*F64 -> 496000000 | G65: =G44*G64 -> 496000000 | I65: 소계 | J65: =J44*J64 -> 496000000 | K65: =K44*K64 -> 496000000 | M65: 소계 | N65: =N44*N64 -> 496000000 | O65: =O44*O64 -> 496000000

Sheet 저가양수도
A1: 감정평가 | B1: =HLOOKUP(B$9,기초!$C$5:$I$16,MATCH($A1,기초!$A$5:$A$16,0),0) -> 4000000000 | C1: =$B1*C16 -> 4000000000 | D1: =$B1*D16 -> 0 | F1: 감정평가 | G1: =B1 -> 4000000000 | H1: =C1 -> 4000000000 | I1: =D1 -> 0 | K1: 감정평가 | L1: =G1 -> 4000000000 | M1: =H1 -> 4000000000 | N1: =I1 -> 0 | P1: 감정평가 | Q1: =L1 -> 4000000000 | R1: =M1 -> 4000000000 | S1: =N1 -> 0
A2: 양도자: 저가양도 | B2: =SUM(C2:D2)+1000000 -> 3401000000 | C2: =C$1-IF(C$10="특수관계",MIN(C$1*5%,3*10^8),3*10^8) -> 3700000000 | D2: =D$1-IF(D$10="특수관계",MIN(D$1*5%,3*10^8),3*10^8) -> -300000000 | F2: 양도자: 저가양도 | G2: =B2 -> 3401000000 | H2: =C2 -> 3700000000 | I2: =D2 -> -300000000 | K2: 양도자: 저가양도 | L2: =SUM(M2:N2)+1000000 -> 3401000000 | M2: =H2 -> 3700000000 | N2: =I2 -> -300000000 | P2: 양도자: 저가양도 | Q2: =L2 -> 3401000000 | R2: =M2 -> 3700000000 | S2: =N2 -> -300000000
A3: 특수관계의 양도가액 | B3: =SUM(C3:D3) -> 3400000000 | C3: =C$1*C$16-IF(C$10="특수관계",MIN(C$1*$C16*30%,3*10^8),3*10^8) -> 3700000000 | D3: =D$1*D$16-IF(D$10="특수관계",MIN(D$1*$C16*30%,3*10^8),3*10^8) -> -300000000 | F3: 특수관계의 양도가액 | G3: =SUM(H3:I3) -> 3700000000 | H3: =H$1*H$16-IF(H$10="특수관계",MIN(H$1*$C16*30%,3*10^8),3*10^8) -> 3700000000 | I3: =I$1*I$16-IF(I$10="특수관계",MIN(I$1*$C16*30%,3*10^8),3*10^8) -> 0 | K3: 특수관계의 양도가액 | L3: =SUM(M3:N3) -> 600000000 | M3: =M1-M2 -> 300000000 | N3: =N1-N2 -> 300000000 | P3: 특수관계의 양도가액 | Q3: =L3 -> 600000000 | R3: =M3 -> 300000000 | S3: =N3 -> 300000000
A4: 취득가액 | B4: =HLOOKUP(B$9,기초!$C$5:$I$16,MATCH($A4,기초!$A$5:$A$16,0),0) -> 1000000000 | F4: 취득가액 | G4: =B4 -> 1000000000 | K4: 취득가액 | L4: =G4 -> 1000000000 | P4: 취득가액 | Q4: =L4 -> 1000000000 | R4: =M4 -> 0 | S4: =N4 -> 0
A6: Ⅰ. 양도자 부담 | B6: =B34 -> 1.0710369e+08 | F6: Ⅰ. 양도자 부담 | G6: =G34 -> 1.55166e+08 | K6: Ⅰ. 양도자 부담 | L6: =L34 -> 155166000 | P6: Ⅰ. 양도자 부담 | Q6: =Q34 -> 470728500
A8: 현행법 | F8: 기본공제확대 | K8: 장특공한도 | L8: 2000000000 | P8: 장특공한도 | Q8: 1000000000
B9: 주택1 | C9: 홍상수 | D9: 홍상수 | F9: 2027 | G9: 주택1 | H9: 양수자1 | I9: 양수자2 | K9: 2028 | L9: 주택1 | M9: 양수자1 | N9: 양수자2 | P9: 2029 | Q9: 주택1 | R9: 양수자1 | S9: 양수자2
A10: 관계 | B10: 1세대1주택 | C10: {=INDIRECT("기초!B"&(MATCH(C9,기초!$B:$B,0)+1))} -> 직계존비속 | D10: {=INDIRECT("기초!B"&(MATCH(D9,기초!$B:$B,0)+1))} -> 직계존비속 | F10: 부부 | G10: 1세대1주택 | H10: 특수관계 | I10: 특수관계 | K10: 부부 | L10: 1세대1주택 | M10: 특수관계 | N10: 특수관계 | P10: 부부 | Q10: 1세대1주택 | R10: 특수관계 | S10: 특수관계
A11: 지역 | B11: =HLOOKUP(B$9,기초!$C$5:$I$16,MATCH($A11,기초!$A$5:$A$16,0),0) -> 조정대상지역 | F11: 지역 | G11: =HLOOKUP(G$9,기초!$C$5:$I$7,3,0) -> 조정대상지역 | K11: 지역 | L11: =HLOOKUP(L$9,기초!$C$5:$I$7,3,0) -> 조정대상지역 | P11: 지역 | Q11: =HLOOKUP(Q$9,기초!$C$5:$I$7,3,0) -> 조정대상지역
A12: 주택면적 | B12: =HLOOKUP(B$9,기초!$C$5:$I$16,MATCH($A12,기초!$A$5:$A$16,0),0) -> 국평 | F12: 주택면적 | G12: =HLOOKUP(G$9,기초!$C$5:$I$7,2,0) -> 국평 | K12: 주택면적 | L12: =HLOOKUP(L$9,기초!$C$5:$I$7,2,0) -> 국평 | P12: 주택면적 | Q12: =HLOOKUP(Q$9,기초!$C$5:$I$7,2,0) -> 국평
A13: 보유기간 | B13: =HLOOKUP(B$9,기초!$C$5:$I$16,MATCH($A13,기초!$A$5:$A$16,0),0) -> 15 | F13: 보유 | G13: =B13+1 -> 16 | K13: 보유 | L13: =G13+1 -> 17 | P13: 보유 | Q13: =L13+1 -> 18
A14: 거주기간 | B14: =HLOOKUP(B$9,기초!$C$5:$I$16,MATCH($A14,기초!$A$5:$A$16,0),0) -> 10 | F14: 거주 | G14: =B14+1 -> 11 | K14: 거주 | L14: =G14+1 -> 12 | P14: 거주 | Q14: =L14+1 -> 13
A15: 적용세율 | B15: =IF(AND(B10="3주택",B11="조정대상지역"),"기본세율+30%",IF(B10="비사토","기본세율+10%",IF(AND(B10="2주택",B11="조정대상지역"),"기본세율+20%","기본세율"))) -> 기본세율 | F15: 적용세율 | G15: =IF(AND(G10="3주택",G11="조정대상지역"),"기본세율+30%",IF(G10="비사토","기본세율+10%",IF(AND(G10="2주택",G11="조정대상지역"),"기본세율+20%","기본세율"))) -> 기본세율 | K15: 적용세율 | L15: =IF(AND(L10="3주택",L11="조정대상지역"),"기본세율+30%",IF(L10="비사토","기본세율+10%",IF(AND(L10="2주택",L11="조정대상지역"),"기본세율+20%","기본세율"))) -> 기본세율 | P15: 적용세율 | Q15: =IF(AND(Q10="3주택",Q11="조정대상지역"),"기본세율+30%",IF(Q10="비사토","기본세율+10%",IF(AND(Q10="2주택",Q11="조정대상지역"),"기본세율+20%","기본세율"))) -> 기본세율
A16: 매도지분 | B16: 1 | C16: 1 | D16: 0 | F16: 매도지분 | G16: 1 | H16: =C16 -> 1 | I16: =D16 -> 0 | K16: 매도지분 | L16: 1 | M16: =H16 -> 1 | N16: =I16 -> 0 | P16: 매도지분 | Q16: 1 | R16: =M16 -> 1 | S16: =N16 -> 0
A17: 주택수 | C17: {=IF(INDIRECT("기초!B"&(MATCH(C$9,기초!$B:$B,0)+3))=0,"1주택",INDIRECT("기초!B"&(MATCH(C$9,기초!$B:$B,0)+3)))} -> 1주택 | D17: {=IF(INDIRECT("기초!B"&(MATCH(D$9,기초!$B:$B,0)+3))=0,"1주택",INDIRECT("기초!B"&(MATCH(D$9,기초!$B:$B,0)+3)))} -> 1주택 | F17: 주택수 | H17: =C17 -> 1주택 | I17: =D17 -> 1주택 | K17: 주택수 | M17: =H17 -> 1주택 | N17: =I17 -> 1주택 | P17: 주택수 | R17: =M17 -> 1주택 | S17: =N17 -> 1주택
F18: 동일주택분할매도 | K18: 동일주택분할매도 | P18: 동일주택분할매도
A20: 기준양도금액 | B20: =B2 -> 3401000000 | C20: =B20*C16 -> 3401000000 | D20: =B20*D16 -> 0 | F20: 기준양도금액 | G20: 900000000 | H20: =$G$20*H16 -> 900000000 | I20: =$G$20*I16 -> 0 | K20: 기준양도금액 | L20: 900000000 | M20: =$G$20*M16 -> 900000000 | N20: =$G$20*N16 -> 0 | P20: 기준양도금액 | Q20: 900000000 | R20: =$G$20*R16 -> 900000000 | S20: =$G$20*S16 -> 0
A22: 부계부 양도가액 | B22: =B2 -> 3401000000 | F22: 부계부 양도가액 | G22: =IF(G20>=G2,G20,G1) -> 4000000000 | K22: 지분양도가액 | L22: =IF(L20>=L2,L20,L1) -> 4000000000 | P22: 지분양도가액 | Q22: =IF(Q20>=Q2,Q20,Q1) -> 4000000000 | R22: =R16*R21*R2/R1 -> 0 | S22: =S16*S21*S2/S1 -> #DIV/0!
A23: 취득가액 등 | B23: =B4 -> 1000000000 | F23: 취득가액 등 | G23: =G4 -> 1000000000 | K23: 취득가액 등 | L23: =L4 -> 1000000000 | P23: 취득가액 등 | Q23: =Q4 -> 1000000000 | R23: =R4*R2/R1 -> 0 | S23: =S4*S2/S1 -> #DIV/0!
A24: 양도차익 | B24: =B22-B23 -> 2401000000 | F24: 양도차익 | G24: =G22-G23 -> 3000000000 | K24: 양도차익 | L24: =L22-L23 -> 3000000000 | P24: 양도차익 | Q24: =Q22-Q23 -> 3000000000 | R24: =R22-R23 -> 0 | S24: =S22-S23 -> #DIV/0!
A25: 과세대상 양도차익 | B25: =IF(B10="1세대1주택",MAX(0,B24*(B22-1200000000)/B22),B24) -> 1.5538374e+09 | F25: 과세대상 양도차익 | G25: =IF(G10="1세대1주택",MAX(0,G24*(G22-1200000000)/G22),G24) -> 2100000000 | K25: 과세대상 양도차익 | L25: =IF(L10="1세대1주택",MAX(0,L24*(L22-1200000000)/L22),L24) -> 2100000000 | P25: 과세대상 양도차익 | Q25: =IF(Q10="1세대1주택",MAX(0,Q24*(Q22-1200000000)/Q22),Q24) -> 2100000000 | R25: =IF(R10="1세대1주택",MAX(0,R24*(R21-1200000000)/R21),R24) -> 0 | S25: =IF(S10="1세대1주택",MAX(0,S24*(S21-1200000000)/S21),S24) -> #DIV/0!
A26: 장기보유특별공제 | B26: =IF(B13>=3,IF(AND(B10="1세대1주택",B14>=2),MIN(40%,B13*4%)+MIN(40%,B14*4%),IF(B15="기본세율",MIN(30%,B13*2%),0))) -> 0.8 | F26: 장기보유특별공제 | G26: =IF(G13>=3,IF(AND(G10="1세대1주택",G14>=2),MIN(40%,G13*4%)+MIN(40%,G14*4%),IF(G15="기본세율",MIN(30%,G13*2%),0))) -> 0.8 | K26: 장기보유특별공제 | L26: =IF(L13>=3,IF(AND(L10="1세대1주택",L14>=2),MIN(20%,L13*2%)+MIN(60%,L14*6%),IF(L15="기본세율",MIN(15%,L13*1%)+MIN(30%,L14*2%),0))) -> 0.8 | P26: 장기보유특별공제 | Q26: =IF(Q13>=3,IF(AND(Q10="1세대1주택",Q14>=2),MIN(80%,Q14*8%),IF(Q15="기본세율",MIN(30%,Q14*2%),0))) -> 0.8
A27: 소득금액 | B27: =B25*(1-B26) -> 3.1076748e+08 | F27: 소득금액 | G27: =G25*(1-G26) -> 4.2e+08 | K27: 소득금액 | L27: =L25-MIN(L25*L26,L8) -> 420000000 | P27: 소득금액 | Q27: =Q25-MIN(Q25*Q26,Q8) -> 1100000000
A28: 기본공제 | B28: 2500000 | F28: 기본공제 | G28: =IF(AND(G10="1세대1주택",G14>=10,G22<=3*10^9),25*10^6*IF($F$10="부부",IF(G18=TRUE,G16,1),G16),2500000) -> 2500000 | K28: 기본공제 | L28: =IF(AND(L10="1세대1주택",L14>=10,L22<=3*10^9),25*10^6*IF($F$10="부부",IF(L18=TRUE,L16,1),L16),2500000) -> 2500000 | P28: 기본공제 | Q28: =IF(AND(Q10="1세대1주택",Q14>=10,Q22<=3*10^9),25*10^6*IF($F$10="부부",IF(Q18=TRUE,Q16,1),Q16),2500000) -> 2500000
A29: 과세표준 | B29: =B27-B28 -> 3.0826748e+08 | F29: 과세표준 | G29: =G27-G28 -> 4.175e+08 | K29: 과세표준 | L29: =L27-L28 -> 417500000 | P29: 과세표준 | Q29: =Q27-Q28 -> 1097500000
A30: 세율 | B30: {=INDEX(t!$AB$3:$AJ$10,MIN(ROWS(t!$AB$3:$AB$10),IF(B29<=t!$AB$3,1,MATCH(B29-1,t!$AB$3:$AB$10,1)+1)),MATCH(B15,{"기본세율","기본세율+10%","기본세율+20%","기본세율+30%"},0)*2)} -> 0.4 | F30: 세율 | G30: {=INDEX(t!$AB$3:$AJ$10,MIN(ROWS(t!$AB$3:$AB$10),IF(G29<=t!$AB$3,1,MATCH(G29-1,t!$AB$3:$AB$10,1)+1)),MATCH(G15,{"기본세율","기본세율+10%","기본세율+20%","기본세율+30%"},0)*2)} -> 0.4 | K30: 세율 | L30: {=INDEX(t!$AB$3:$AJ$10,MIN(ROWS(t!$AB$3:$AB$10),IF(L29<=t!$AB$3,1,MATCH(L29-1,t!$AB$3:$AB$10,1)+1)),MATCH(L15,{"기본세율","기본세율+10%","기본세율+20%","기본세율+30%"},0)*2)} -> 0.4 | P30: 세율 | Q30: {=INDEX(t!$AB$3:$AJ$10,MIN(ROWS(t!$AB$3:$AB$10),IF(Q29<=t!$AB$3,1,MATCH(Q29-1,t!$AB$3:$AB$10,1)+1)),MATCH(Q15,{"기본세율","기본세율+10%","기본세율+20%","기본세율+30%"},0)*2)} -> 0.45
A31: 산출세액 | B31: =B29*B30-INDEX(t!$AB$3:$AJ$10,MIN(ROWS(t!$AB$3:$AB$10),IF(B29<=t!$AB$3,1,MATCH(B29-1,t!$AB$3:$AB$10,1)+1)),MATCH(B$15,{"기본세율","기본세율+10%","기본세율+20%","기본세율+30%"},0)*2+1) -> 97366992 | F31: 산출세액 | G31: =G29*G30-INDEX(t!$AB$3:$AJ$10,MIN(ROWS(t!$AB$3:$AB$10),IF(G29<=t!$AB$3,1,MATCH(G29-1,t!$AB$3:$AB$10,1)+1)),MATCH(G$15,{"기본세율","기본세율+10%","기본세율+20%","기본세율+30%"},0)*2+1) -> 1.4106e+08 | K31: 산출세액 | L31: =L29*L30-INDEX(t!$AB$3:$AJ$10,MIN(ROWS(t!$AB$3:$AB$10),IF(L29<=t!$AB$3,1,MATCH(L29-1,t!$AB$3:$AB$10,1)+1)),MATCH(L$15,{"기본세율","기본세율+10%","기본세율+20%","기본세율+30%"},0)*2+1) -> 141060000 | P31: 산출세액 | Q31: =Q29*Q30-INDEX(t!$AB$3:$AJ$10,MIN(ROWS(t!$AB$3:$AB$10),IF(Q29<=t!$AB$3,1,MATCH(Q29-1,t!$AB$3:$AB$10,1)+1)),MATCH(Q$15,{"기본세율","기본세율+10%","기본세율+20%","기본세율+30%"},0)*2+1) -> 427935000
A32: 양도소득세 | B32: =B31 -> 97366992 | F32: 양도소득세 | G32: =G31 -> 1.4106e+08 | K32: 양도소득세 | L32: =L31 -> 141060000 | P32: 양도소득세 | Q32: =Q31 -> 427935000
A33: 지방소득세 | B33: =B32*0.1 -> 9736699.2 | F33: 지방소득세 | G33: =G32*0.1 -> 14106000 | K33: 지방소득세 | L33: =L32*0.1 -> 14106000 | P33: 지방소득세 | Q33: =Q32*0.1 -> 42793500
A34: 합계 | B34: =SUM(B32:B33) -> 1.0710369e+08 | F34: 합계 | G34: =SUM(G32:G33) -> 1.55166e+08 | K34: 합계 | L34: =SUM(L32:L33) -> 155166000 | P34: 합계 | Q34: =SUM(Q32:Q33) -> 470728500
A37: Ⅱ. 양수자 부담 | B37: =B41 -> 132000000 | F37: Ⅱ. 양수자 부담 | G37: =G41 -> 132000000 | K37: Ⅱ. 양수자 부담 | L37: =L41 -> 132000000 | P37: Ⅱ. 양수자 부담 | Q37: =Q41 -> 132000000
A39: 취득세+지방교육세 | C39: {=INDEX(취득!$K$1:$K$8,MATCH(1,(취득!$I$1:$I$8=$B$11)*(취득!$J$1:$J$8=C$17),0))} -> 1.1~3.3% | D39: {=INDEX(취득!$K$1:$K$8,MATCH(1,(취득!$I$1:$I$8=$B$11)*(취득!$J$1:$J$8=D$17),0))} -> 1.1~3.3% | F39: 취득세 | H39: {=INDEX(취득!$K$1:$K$8,MATCH(1,(취득!$I$1:$I$8=$G$11)*(취득!$J$1:$J$8=H$17),0))} -> 1.1~3.3% | I39: {=INDEX(취득!$K$1:$K$8,MATCH(1,(취득!$I$1:$I$8=$G$11)*(취득!$J$1:$J$8=I$17),0))} -> 1.1~3.3% | K39: 취득세 | M39: {=INDEX(취득!$K$1:$K$8,MATCH(1,(취득!$I$1:$I$8=$L$11)*(취득!$J$1:$J$8=M$17),0))} -> 1.1~3.3% | N39: {=INDEX(취득!$K$1:$K$8,MATCH(1,(취득!$I$1:$I$8=$L$11)*(취득!$J$1:$J$8=N$17),0))} -> 1.1~3.3% | P39: 취득세 | R39: {=INDEX(취득!$K$1:$K$8,MATCH(1,(취득!$I$1:$I$8=$Q$11)*(취득!$J$1:$J$8=R$17),0))} -> 1.1~3.3% | S39: {=INDEX(취득!$K$1:$K$8,MATCH(1,(취득!$I$1:$I$8=$Q$11)*(취득!$J$1:$J$8=S$17),0))} -> 1.1~3.3%
A40: 농어촌특별세 | C40: {=IF($B$12="85 초과",INDEX(취득!$L$1:$L$8,MATCH(1,(취득!$I$1:$I$8=$B$11)*(취득!$J$1:$J$8=C$17),0)),0)} -> 0 | D40: {=IF($B$12="85 초과",INDEX(취득!$L$1:$L$8,MATCH(1,(취득!$I$1:$I$8=$B$11)*(취득!$J$1:$J$8=D$17),0)),0)} -> 0 | F40: 농어촌특별세 | H40: {=IF($B$12="85 초과",INDEX(취득!$L$1:$L$8,MATCH(1,(취득!$I$1:$I$8=$B$11)*(취득!$J$1:$J$8=H$17),0)),0)} -> 0 | I40: {=IF($B$12="85 초과",INDEX(취득!$L$1:$L$8,MATCH(1,(취득!$I$1:$I$8=$B$11)*(취득!$J$1:$J$8=I$17),0)),0)} -> 0 | K40: 농어촌특별세 | M40: {=IF($L$12="85 초과",INDEX(취득!$L$1:$L$8,MATCH(1,(취득!$I$1:$I$8=$L$11)*(취득!$J$1:$J$8=M$17),0)),0)} -> 0 | N40: {=IF($L$12="85 초과",INDEX(취득!$L$1:$L$8,MATCH(1,(취득!$I$1:$I$8=$L$11)*(취득!$J$1:$J$8=N$17),0)),0)} -> 0 | P40: 농어촌특별세 | R40: {=IF($Q$12="85 초과",INDEX(취득!$L$1:$L$8,MATCH(1,(취득!$I$1:$I$8=$Q$11)*(취득!$J$1:$J$8=R$17),0)),0)} -> 0 | S40: {=IF($Q$12="85 초과",INDEX(취득!$L$1:$L$8,MATCH(1,(취득!$I$1:$I$8=$Q$11)*(취득!$J$1:$J$8=S$17),0)),0)} -> 0
A41: 소계 | B41: =SUM(C41:D41) -> 132000000 | C41: =(IF(C39="1.1~3.3%",(IF(C$1<=6*10^8,1%,IF(C$1>9*10^8,3%,ROUND((C$1*2/300000000-3)/100,5)))*1.1),C39)+C40)*C$1 -> 132000000 | D41: =(IF(D39="1.1~3.3%",(IF(D$1<=6*10^8,1%,IF(D$1>9*10^8,3%,ROUND((D$1*2/300000000-3)/100,5)))*1.1),D39)+D40)*D$1 -> 0 | F41: 소계 | G41: =SUM(H41:I41) -> 132000000 | H41: =(IF(H39="1.1~3.3%",(IF(H$1<=6*10^8,1%,IF(H$1>9*10^8,3%,ROUND((H$1*2/300000000-3)/100,5)))*1.1),H39)+H40)*H$1 -> 132000000 | I41: =(IF(I39="1.1~3.3%",(IF(I$1<=6*10^8,1%,IF(I$1>9*10^8,3%,ROUND((I$1*2/300000000-3)/100,5)))*1.1),I39)+I40)*I$1 -> 0 | K41: 소계 | L41: =SUM(M41:N41) -> 132000000 | M41: =(IF(M39="1.1~3.3%",(IF(M$1<=6*10^8,1%,IF(M$1>9*10^8,3%,ROUND((M$1*2/300000000-3)/100,5)))*1.1),M39)+M40)*M$1 -> 132000000 | N41: =(IF(N39="1.1~3.3%",(IF(N$1<=6*10^8,1%,IF(N$1>9*10^8,3%,ROUND((N$1*2/300000000-3)/100,5)))*1.1),N39)+N40)*N$1 -> 0 | P41: 소계 | Q41: =SUM(R41:S41) -> 132000000 | R41: =(IF(R39="1.1~3.3%",(IF(R$1<=6*10^8,1%,IF(R$1>9*10^8,3%,ROUND((R$1*2/300000000-3)/100,5)))*1.1),R39)+R40)*R$1 -> 132000000 | S41: =(IF(S39="1.1~3.3%",(IF(S$1<=6*10^8,1%,IF(S$1>9*10^8,3%,ROUND((S$1*2/300000000-3)/100,5)))*1.1),S39)+S40)*S$1 -> 0

Sheet 상속
A3: 상속재산가액 | B3: =기초!B17 -> 10050000000
A4: 사전증여재산 | B4: =SUM(기초!S:S) -> 3000000000
A5: 채무 | B5: =기초!J17 -> 900000000
A6: 합계 | B6: =B3+B4-B5 -> 12150000000
A7: 배우자상속공제 | B7: =IF(COUNTIF(기초!$B:$B, "배우자")=0, 0, MAX(500000000, MIN(B6 * 기초!$B$25/ SUMIFS(기초!$B:$B,기초!$A:$A,"상속지분"), 3000000000))) -> 3000000000
A8: 일괄공제 | B8: =IF(COUNTIF(기초!$B:$B,"직계존비속")>0,500000000) -> 500000000
A9: 금융재산공제 | B9: =IF(기초!J17<=20000000,기초!J17,IF(기초!J17<=100000000,20000000,IF(기초!J17<=10^9,기초!J17*20%,2*10^8))) -> 180000000
A10: 동거상속공제 | B10: =IF(COUNTIF(기초!$B:$B,"동거")>0,600000000) -> 600000000
A11: 과세표준 | B11: =B6-SUM(B7:B10) -> 7870000000
A12: 세율 | B12: {=INDEX(t!$AW$3:$AW$7,MATCH(TRUE,B11<=t!$AV$3:$AV$7,0))} -> 0.5
A13: 산출세액 | B13: =B11*B12-VLOOKUP(B12,t!$AW$3:$AX$7,2,0) -> 3475000000
A14: 증여세액공제 | B14: =SUM(기초!T:T) -> 0
A15: 소계 | B15: =B13-B14 -> 3475000000
B19: 상속취득세 | C19: 주택1 | D19: 주택2 | E19: 주택3 | F19: 주택4 | G19: 건축물 | H19: 토지1 | I19: 토지2 | J19: 비고
A20: 지역 | C20: =HLOOKUP(C$19,기초!$C$5:$I$16,MATCH($A20,기초!$A$5:$A$16,0),0) -> 조정대상지역 | D20: =HLOOKUP(D$19,기초!$C$5:$I$16,MATCH($A20,기초!$A$5:$A$16,0),0) -> 조정대상지역 | E20: =HLOOKUP(E$19,기초!$C$5:$I$16,MATCH($A20,기초!$A$5:$A$16,0),0) -> 일반지역 | F20: =HLOOKUP(F$19,기초!$C$5:$I$16,MATCH($A20,기초!$A$5:$A$16,0),0) -> 일반지역 | G20: =HLOOKUP(G$19,기초!$C$5:$I$16,MATCH($A20,기초!$A$5:$A$16,0),0) -> 0 | H20: =HLOOKUP(H$19,기초!$C$5:$I$16,MATCH($A20,기초!$A$5:$A$16,0),0) -> 0 | I20: =HLOOKUP(I$19,기초!$C$5:$I$16,MATCH($A20,기초!$A$5:$A$16,0),0) -> 0
A21: 시가표준액 | C21: =HLOOKUP(C$19,기초!$C$5:$I$16,MATCH($A21,기초!$A$5:$A$16,0),0) -> 3500000000 | D21: =HLOOKUP(D$19,기초!$C$5:$I$16,MATCH($A21,기초!$A$5:$A$16,0),0) -> 1150000000 | E21: =HLOOKUP(E$19,기초!$C$5:$I$16,MATCH($A21,기초!$A$5:$A$16,0),0) -> 1.725e+09 | F21: =HLOOKUP(F$19,기초!$C$5:$I$16,MATCH($A21,기초!$A$5:$A$16,0),0) -> 2300000000 | G21: =HLOOKUP(G$19,기초!$C$5:$I$16,MATCH($A21,기초!$A$5:$A$16,0),0) -> 0 | H21: =HLOOKUP(H$19,기초!$C$5:$I$16,MATCH($A21,기초!$A$5:$A$16,0),0) -> 0 | I21: =HLOOKUP(I$19,기초!$C$5:$I$16,MATCH($A21,기초!$A$5:$A$16,0),0) -> 0
A22: 주택면적 | C22: =HLOOKUP(C$19,기초!$C$5:$I$16,MATCH($A22,기초!$A$5:$A$16,0),0) -> 국평 | D22: =HLOOKUP(D$19,기초!$C$5:$I$16,MATCH($A22,기초!$A$5:$A$16,0),0) -> 국평 | E22: =HLOOKUP(E$19,기초!$C$5:$I$16,MATCH($A22,기초!$A$5:$A$16,0),0) -> 국평 | F22: =HLOOKUP(F$19,기초!$C$5:$I$16,MATCH($A22,기초!$A$5:$A$16,0),0) -> 국평 | G22: =HLOOKUP(G$19,기초!$C$5:$I$16,MATCH($A22,기초!$A$5:$A$16,0),0) -> 0 | H22: =HLOOKUP(H$19,기초!$C$5:$I$16,MATCH($A22,기초!$A$5:$A$16,0),0) -> 0 | I22: =HLOOKUP(I$19,기초!$C$5:$I$16,MATCH($A22,기초!$A$5:$A$16,0),0) -> 0
A23: 취득세율 | C23: =IF(C22="85 초과",3.16%,IF(C22="농지",2.56%,2.96%)) -> 0.0296 | D23: =IF(D22="85 초과",3.16%,IF(D22="농지",2.56%,2.96%)) -> 0.0296 | E23: =IF(E22="85 초과",3.16%,IF(E22="농지",2.56%,2.96%)) -> 0.0296 | F23: =IF(F22="85 초과",3.16%,IF(F22="농지",2.56%,2.96%)) -> 0.0296 | G23: =IF(G22="85 초과",3.16%,IF(G22="농지",2.56%,2.96%)) -> 0.0296 | H23: =IF(H22="85 초과",3.16%,IF(H22="농지",2.56%,2.96%)) -> 0.0296 | I23: =IF(I22="85 초과",3.16%,IF(I22="농지",2.56%,2.96%)) -> 0.0296 | J23: 무주택자 0.96%, 자경농지 0.18%
A24: 소계 | B24: =SUM(C24:I24) -> 256780000 | C24: =C21*C23 -> 103600000 | D24: =D21*D23 -> 34040000 | E24: =E21*E23 -> 51060000 | F24: =F21*F23 -> 68080000 | G24: =G21*G23 -> 0 | H24: =H21*H23 -> 0 | I24: =I21*I23 -> 0
A26: 합계 | B26: =B15+B24 -> 3731780000

Sheet t
A1: 주택재산세율 | G1: 재산세 공정시장가액비율 | L1: 2026년 종합부동산세 세율 | R1: 종합합산토지 세율 | V1: 종부세 공정시장가액비율 | AB1: 양도소득세 | AC1: 기본세율 | AE1: 기본세율+10% | AG1: 기본세율+20% | AI1: 기본세율+30% | AM1: 현재 | AN1: 2028 | AO1: 2029 | AP1: 비고 | AR1: 관계 | AS1: 증여재산한도(10년) | AT1: 비고 | AV1: 상속/증여세율 | AZ1: 금융재산공제 | BD1: 주택특징
A2: 과세표준 이하 | B2: 주택t | C2: 표준누진공제 | D2: 1세대t | E2: 1주택누진공제 | G2: 구분 | H2: 과세표준 이하 | I2: 비율 | L2: 과세표준 이하 | M2: 기본세율 | N2: 기본누진공제 | O2: 중과세율 | P2: 중과누진공제 | R2: 과세표준 이하 | S2: 기본세율 | T2: 기본누진공제 | V2: 구분 | W2: 2026 | X2: 2027 | Y2: 2028 | AB2: 과세표준 이하 | AC2: 세율 | AD2: 누진공제 | AE2: 세율 | AF2: 누진공제 | AG2: 세율 | AH2: 누진공제 | AI2: 세율 | AJ2: 누진공제 | AL2: 1주택거주 | AM2: 0.04 | AN2: 0.06 | AO2: 0.08 | AP2: and | AR2: 배우자 | AS2: 600000000 | AV2: 과세표준 이하 | AW2: 기본세율 | AX2: 기본누진공제 | AZ2: 과세표준 이하 | BA2: 기본세율 | BB2: 기본누진공제 | BD2: 1세대1주택
A3: 60000000 | B3: 0.001 | C3: 0 | D3: 0.0005 | E3: 0 | G3: 1세대1주택 | H3: 300000000 | I3: 0.43 | L3: 300000000 | M3: 0.005 | N3: 0 | O3: 0.005 | P3: 0 | R3: 1500000000 | S3: 0.01 | T3: 0 | V3: 1세대1주택 | W3: 0.6 | X3: 0.7 | Y3: 0.7 | AB3: 14000000 | AC3: 0.06 | AD3: 0 | AE3: 0.16 | AF3: 0 | AG3: 0.26 | AH3: 0 | AI3: 0.36 | AJ3: 0 | AL3: 1주택보유 | AM3: 0.04 | AN3: 0.02 | AO3: 0 | AP3: and | AR3: 직계존비속 | AS3: 50000000 | AV3: 100000000 | AW3: 0.1 | AX3: 0 | AZ3: 20000000 | BB3: 0 | BD3: 주택
A4: 150000000 | B4: 0.0015 | C4: 30000 | D4: 0.001 | E4: 30000 | G4: 1세대1주택 | H4: 600000000 | I4: 0.44 | L4: 600000000 | M4: 0.007 | N4: 600000 | O4: 0.007 | P4: 600000 | R4: 4500000000 | S4: 0.02 | T4: 15000000 | V4: 3주택이상 | W4: 0.6 | X4: 0.7 | Y4: 0.8 | AB4: 50000000 | AC4: 0.15 | AD4: 1260000 | AE4: 0.25 | AF4: 1260000 | AG4: 0.35 | AH4: 1260000 | AI4: 0.45 | AJ4: 1260000 | AL4: 1세대1주택 | AM4: 10 | AN4: 10 | AO4: 10 | AR4: 기타친족 | AS4: 10000000 | AV4: 500000000 | AW4: 0.2 | AX4: 10000000 | AZ4: 100000000 | BB4: 20000000 | BD4: 2주택
A5: 300000000 | B5: 0.0025 | C5: 180000 | D5: 0.002 | E5: 180000 | G5: 1세대1주택 | H5: 6억초과 | I5: 0.45 | L5: 1200000000 | M5: 0.01 | N5: 2400000 | O5: 0.01 | P5: 2400000 | R5: 1e+99 | S5: 0.03 | T5: 60000000 | AB5: 88000000 | AC5: 0.24 | AD5: 5760000 | AE5: 0.34 | AF5: 5760000 | AG5: 0.44 | AH5: 5760000 | AI5: 0.54 | AJ5: 5760000 | AL5: 다주택거주 | AM5: 0 | AN5: 0.02 | AO5: 0.02 | AP5: or | AR5: 미성년자 | AS5: 20000000 | AT5: 자녀 | AV5: 1000000000 | AW5: 0.3 | AX5: 60000000 | AZ5: 1000000000 | BA5: 0.2 | BB5: 60000000 | BD5: 3주택
A6: 1e+99 | B6: 0.004 | C6: 630000 | D6: 0.0035 | E6: 630000 | H6: 주택 | I6: 0.6 | L6: 2500000000 | M6: 0.013 | N6: 6000000 | O6: 0.02 | P6: 14400000 | AB6: 150000000 | AC6: 0.35 | AD6: 15440000 | AE6: 0.45 | AF6: 15440000 | AG6: 0.55 | AH6: 15440000 | AI6: 0.65 | AJ6: 15440000 | AL6: 다주택보유 | AM6: 0.02 | AN6: 0.01 | AO6: 0 | AP6: or | AV6: 3000000000 | AW6: 0.4 | AX6: 160000000 | AZ6: 1e+99 | BB6: 200000000 | BD6: 4주택
H7: 건물 | I7: 0.7 | L7: 5000000000 | M7: 0.015 | N7: 11000000 | O7: 0.03 | P7: 39400000 | R7: 별도합산토지 세율 | AB7: 300000000 | AC7: 0.38 | AD7: 19940000 | AE7: 0.48 | AF7: 19940000 | AG7: 0.58 | AH7: 19940000 | AI7: 0.68 | AJ7: 19940000 | AL7: 다주택자 | AM7: 15 | AN7: 15 | AO7: 15 | AP7: 비조정대상지역 | AV7: 1e+99 | AW7: 0.5 | AX7: 460000000 | BD7: 건물
A8: 종합합산토지세율 | H8: 종합합산토지 | I8: 0.7 | L8: 9400000000 | M8: 0.02 | N8: 36000000 | O8: 0.04 | P8: 89400000 | R8: 과세표준 이하 | S8: 기본세율 | T8: 기본누진공제 | AB8: 500000000 | AC8: 0.4 | AD8: 25940000 | AE8: 0.5 | AF8: 25940000 | AG8: 0.6 | AH8: 25940000 | AI8: 0.7 | AJ8: 25940000 | AL8: 공제한도 | AN8: 2000000000 | AO8: 1000000000 | BD8: 토지
A9: 과세표준 이하 | B9: 세율 | C9: 누진공제 | H9: 별도합산토지 | I9: 0.7 | L9: 1e+99 | M9: 0.027 | N9: 101800000 | O9: 0.05 | P9: 183400000 | R9: 20000000000 | S9: 0.005 | T9: 0 | AB9: 1000000000 | AC9: 0.42 | AD9: 35940000 | AE9: 0.52 | AF9: 35940000 | AG9: 0.62 | AH9: 35940000 | AI9: 0.72 | AJ9: 35940000 | BD9: 비사토
